cve_id,repo,schema_ok,anchor_count,candidate_commit_count,candidate_generation_modes,evidence_levels,candidate_lane,parse_status,contract_ok,blame_status,top1_candidate_commit,release_top1_precision,release_top1_recall,release_top1_f1,release_top1_exact_match,release_topk_precision,release_topk_recall,release_topk_f1,release_topk_exact_match,release_oracle_precision,release_oracle_recall,release_oracle_f1,release_oracle_exact_match,diagnostic_all_top1_precision,diagnostic_all_top1_recall,diagnostic_all_top1_f1,diagnostic_all_top1_exact_match,diagnostic_all_oracle_precision,diagnostic_all_oracle_recall,diagnostic_all_oracle_f1,diagnostic_all_oracle_exact_match,oracle_best_candidate_commit,error_bucket,top1_false_positive_tag_count,oracle_false_positive_tag_count,any_candidate_false_positive_tag_count,non_release_tag_noise_count,release_line_overreach_count,branch_or_backport_limit_tag_count,ground_truth_affected_versions,top1_predicted_tags,topk_predicted_tags,oracle_predicted_tags
CVE-2020-12284,FFmpeg,True,0,0,,,none,,,not_evaluable,,0.0,0.0,0.0,False,0.0,0.0,0.0,False,0.0,0.0,0.0,False,0.0,0.0,0.0,False,0.0,0.0,0.0,False,,anchor_or_blame_likely_problem,0,0,0,0,0,0,n4.1;n4.1.1;n4.1.2;n4.1.3;n4.1.4;n4.1.5;n4.2;n4.2.1;n4.2.2,,,
CVE-2020-13904,FFmpeg,True,0,0,,,none,,,not_evaluable,,0.0,0.0,0.0,False,0.0,0.0,0.0,False,0.0,0.0,0.0,False,0.0,0.0,0.0,False,0.0,0.0,0.0,False,,anchor_or_blame_likely_problem,0,0,0,0,0,0,n0.10;n0.10.1;n0.10.10;n0.10.11;n0.10.12;n0.10.13;n0.10.14;n0.10.15;n0.10.16;n0.10.2;n0.10.3;n0.10.4;n0.10.5;n0.10.6;n0.10.7;n0.10.8;n0.10.9;n0.11;n0.11.1;n0.11.2;n0.11.3;n0.11.4;n0.11.5;n0.7.1;n0.7.10;n0.7.11;n0.7.12;n0.7.13;n0.7.14;n0.7.15;n0.7.16;n0.7.17;n0.7.2;n0.7.3;n0.7.4;n0.7.5;n0.7.6;n0.7.7;n0.7.8;n0.7.9;n0.8;n0.8.1;n0.8.10;n0.8.11;n0.8.12;n0.8.13;n0.8.14;n0.8.15;n0.8.2;n0.8.3;n0.8.4;n0.8.5;n0.8.6;n0.8.7;n0.8.8;n0.8.9;n0.9;n0.9.1;n0.9.2;n0.9.3;n0.9.4;n1.0;n1.0.1;n1.0.10;n1.0.2;n1.0.3;n1.0.4;n1.0.5;n1.0.6;n1.0.7;n1.0.8;n1.0.9;n1.1;n1.1.1;n1.1.10;n1.1.11;n1.1.12;n1.1.13;n1.1.14;n1.1.15;n1.1.16;n1.1.2;n1.1.3;n1.1.4;n1.1.5;n1.1.6;n1.1.7;n1.1.8;n1.1.9;n1.2;n1.2.1;n1.2.10;n1.2.11;n1.2.12;n1.2.2;n1.2.3;n1.2.4;n1.2.5;n1.2.6;n1.2.7;n1.2.8;n1.2.9;n2.0;n2.0.1;n2.0.2;n2.0.3;n2.0.4;n2.0.5;n2.0.6;n2.0.7;n2.1;n2.1.1;n2.1.2;n2.1.3;n2.1.4;n2.1.5;n2.1.6;n2.1.7;n2.1.8;n2.2;n2.2.1;n2.2.10;n2.2.11;n2.2.12;n2.2.13;n2.2.14;n2.2.15;n2.2.16;n2.2.2;n2.2.3;n2.2.4;n2.2.5;n2.2.6;n2.2.7;n2.2.8;n2.2.9;n2.3;n2.3.1;n2.3.2;n2.3.3;n2.3.4;n2.3.5;n2.3.6;n2.4;n2.4.1;n2.4.10;n2.4.11;n2.4.12;n2.4.13;n2.4.14;n2.4.2;n2.4.3;n2.4.4;n2.4.5;n2.4.6;n2.4.7;n2.4.8;n2.4.9;n2.5;n2.5.1;n2.5.10;n2.5.11;n2.5.2;n2.5.3;n2.5.4;n2.5.5;n2.5.6;n2.5.7;n2.5.8;n2.5.9;n2.6;n2.6.1;n2.6.2;n2.6.3;n2.6.4;n2.6.5;n2.6.6;n2.6.7;n2.6.8;n2.6.9;n2.7;n2.7.1;n2.7.2;n2.7.3;n2.7.4;n2.7.5;n2.7.6;n2.7.7;n2.8;n2.8.1;n2.8.10;n2.8.11;n2.8.12;n2.8.13;n2.8.14;n2.8.15;n2.8.16;n2.8.2;n2.8.3;n2.8.4;n2.8.5;n2.8.6;n2.8.7;n2.8.8;n2.8.9;n3.0;n3.0.1;n3.0.10;n3.0.11;n3.0.12;n3.0.2;n3.0.3;n3.0.4;n3.0.5;n3.0.6;n3.0.7;n3.0.8;n3.0.9;n3.1;n3.1.1;n3.1.10;n3.1.11;n3.1.2;n3.1.3;n3.1.4;n3.1.5;n3.1.6;n3.1.7;n3.1.8;n3.1.9;n3.2;n3.2.1;n3.2.10;n3.2.11;n3.2.12;n3.2.13;n3.2.14;n3.2.2;n3.2.3;n3.2.4;n3.2.5;n3.2.6;n3.2.7;n3.2.8;n3.2.9;n3.3;n3.3.1;n3.3.2;n3.3.3;n3.3.4;n3.3.5;n3.3.6;n3.3.7;n3.3.8;n3.3.9;n3.4;n3.4.1;n3.4.2;n3.4.3;n3.4.4;n3.4.5;n3.4.6;n3.4.7;n4.0;n4.0.1;n4.0.2;n4.0.3;n4.0.4;n4.0.5;n4.1;n4.1.1;n4.1.2;n4.1.3;n4.1.4;n4.1.5;n4.2;n4.2.1;n4.2.2;n4.2.3;n4.3,,,
CVE-2020-14212,FFmpeg,True,0,0,,,none,,,not_evaluable,,0.0,0.0,0.0,False,0.0,0.0,0.0,False,0.0,0.0,0.0,False,0.0,0.0,0.0,False,0.0,0.0,0.0,False,,anchor_or_blame_likely_problem,0,0,0,0,0,0,n4.3,,,
CVE-2020-10251,ImageMagick,True,2,2,legacy_raw_candidate,unknown,strong_only,fenced_json,True,success,8c69a644b1a32dd032541d123d232003f05887f8,0.7083333333333334,1.0,0.8292682926829268,False,0.7083333333333334,1.0,0.8292682926829268,False,0.7083333333333334,1.0,0.8292682926829268,False,0.7083333333333334,1.0,0.8292682926829268,False,0.7083333333333334,1.0,0.8292682926829268,False,8c69a644b1a32dd032541d123d232003f05887f8,release_line_overreach,21,21,21,0,21,0,7.0.8-45;7.0.8-46;7.0.8-47;7.0.8-48;7.0.8-49;7.0.8-50;7.0.8-51;7.0.8-52;7.0.8-53;7.0.8-54;7.0.8-55;7.0.8-56;7.0.8-57;7.0.8-58;7.0.8-59;7.0.8-60;7.0.8-61;7.0.8-62;7.0.8-63;7.0.8-64;7.0.8-65;7.0.8-66;7.0.8-67;7.0.8-68;7.0.9-0;7.0.9-1;7.0.9-10;7.0.9-11;7.0.9-12;7.0.9-13;7.0.9-14;7.0.9-15;7.0.9-16;7.0.9-17;7.0.9-18;7.0.9-19;7.0.9-2;7.0.9-20;7.0.9-21;7.0.9-22;7.0.9-23;7.0.9-24;7.0.9-25;7.0.9-26;7.0.9-27;7.0.9-4;7.0.9-5;7.0.9-6;7.0.9-7;7.0.9-8;7.0.9-9,7.0.8-24;7.0.8-25;7.0.8-26;7.0.8-27;7.0.8-28;7.0.8-29;7.0.8-30;7.0.8-31;7.0.8-32;7.0.8-33;7.0.8-34;7.0.8-35;7.0.8-36;7.0.8-37;7.0.8-38;7.0.8-39;7.0.8-40;7.0.8-41;7.0.8-42;7.0.8-43;7.0.8-44;7.0.8-45;7.0.8-46;7.0.8-47;7.0.8-48;7.0.8-49;7.0.8-50;7.0.8-51;7.0.8-52;7.0.8-53;7.0.8-54;7.0.8-55;7.0.8-56;7.0.8-57;7.0.8-58;7.0.8-59;7.0.8-60;7.0.8-61;7.0.8-62;7.0.8-63;7.0.8-64;7.0.8-65;7.0.8-66;7.0.8-67;7.0.8-68;7.0.9-0;7.0.9-1;7.0.9-10;7.0.9-11;7.0.9-12;7.0.9-13;7.0.9-14;7.0.9-15;7.0.9-16;7.0.9-17;7.0.9-18;7.0.9-19;7.0.9-2;7.0.9-20;7.0.9-21;7.0.9-22;7.0.9-23;7.0.9-24;7.0.9-25;7.0.9-26;7.0.9-27;7.0.9-4;7.0.9-5;7.0.9-6;7.0.9-7;7.0.9-8;7.0.9-9,7.0.8-24;7.0.8-25;7.0.8-26;7.0.8-27;7.0.8-28;7.0.8-29;7.0.8-30;7.0.8-31;7.0.8-32;7.0.8-33;7.0.8-34;7.0.8-35;7.0.8-36;7.0.8-37;7.0.8-38;7.0.8-39;7.0.8-40;7.0.8-41;7.0.8-42;7.0.8-43;7.0.8-44;7.0.8-45;7.0.8-46;7.0.8-47;7.0.8-48;7.0.8-49;7.0.8-50;7.0.8-51;7.0.8-52;7.0.8-53;7.0.8-54;7.0.8-55;7.0.8-56;7.0.8-57;7.0.8-58;7.0.8-59;7.0.8-60;7.0.8-61;7.0.8-62;7.0.8-63;7.0.8-64;7.0.8-65;7.0.8-66;7.0.8-67;7.0.8-68;7.0.9-0;7.0.9-1;7.0.9-10;7.0.9-11;7.0.9-12;7.0.9-13;7.0.9-14;7.0.9-15;7.0.9-16;7.0.9-17;7.0.9-18;7.0.9-19;7.0.9-2;7.0.9-20;7.0.9-21;7.0.9-22;7.0.9-23;7.0.9-24;7.0.9-25;7.0.9-26;7.0.9-27;7.0.9-4;7.0.9-5;7.0.9-6;7.0.9-7;7.0.9-8;7.0.9-9,7.0.8-24;7.0.8-25;7.0.8-26;7.0.8-27;7.0.8-28;7.0.8-29;7.0.8-30;7.0.8-31;7.0.8-32;7.0.8-33;7.0.8-34;7.0.8-35;7.0.8-36;7.0.8-37;7.0.8-38;7.0.8-39;7.0.8-40;7.0.8-41;7.0.8-42;7.0.8-43;7.0.8-44;7.0.8-45;7.0.8-46;7.0.8-47;7.0.8-48;7.0.8-49;7.0.8-50;7.0.8-51;7.0.8-52;7.0.8-53;7.0.8-54;7.0.8-55;7.0.8-56;7.0.8-57;7.0.8-58;7.0.8-59;7.0.8-60;7.0.8-61;7.0.8-62;7.0.8-63;7.0.8-64;7.0.8-65;7.0.8-66;7.0.8-67;7.0.8-68;7.0.9-0;7.0.9-1;7.0.9-10;7.0.9-11;7.0.9-12;7.0.9-13;7.0.9-14;7.0.9-15;7.0.9-16;7.0.9-17;7.0.9-18;7.0.9-19;7.0.9-2;7.0.9-20;7.0.9-21;7.0.9-22;7.0.9-23;7.0.9-24;7.0.9-25;7.0.9-26;7.0.9-27;7.0.9-4;7.0.9-5;7.0.9-6;7.0.9-7;7.0.9-8;7.0.9-9
CVE-2020-19667,ImageMagick,True,0,0,,,none,,,not_evaluable,,0.0,0.0,0.0,False,0.0,0.0,0.0,False,0.0,0.0,0.0,False,0.0,0.0,0.0,False,0.0,0.0,0.0,False,,anchor_or_blame_likely_problem,0,0,0,0,0,0,7.0.1-0;7.0.1-1;7.0.1-10;7.0.1-2;7.0.1-3;7.0.1-4;7.0.1-5;7.0.1-6;7.0.1-7;7.0.1-8;7.0.1-9;7.0.10-0;7.0.10-1;7.0.10-2;7.0.10-3;7.0.10-4;7.0.10-5;7.0.10-6;7.0.2-0;7.0.2-1;7.0.2-10;7.0.2-2;7.0.2-3;7.0.2-4;7.0.2-5;7.0.2-6;7.0.2-7;7.0.2-8;7.0.2-9;7.0.3-0;7.0.3-1;7.0.3-10;7.0.3-2;7.0.3-3;7.0.3-4;7.0.3-5;7.0.3-6;7.0.3-7;7.0.3-8;7.0.3-9;7.0.4-0;7.0.4-1;7.0.4-10;7.0.4-2;7.0.4-3;7.0.4-4;7.0.4-5;7.0.4-6;7.0.4-7;7.0.4-8;7.0.4-9;7.0.5-0;7.0.5-1;7.0.5-10;7.0.5-2;7.0.5-3;7.0.5-4;7.0.5-5;7.0.5-6;7.0.5-7;7.0.5-8;7.0.5-9;7.0.6-0;7.0.6-1;7.0.6-2;7.0.6-3;7.0.6-4;7.0.6-5;7.0.6-6;7.0.6-7;7.0.6-8;7.0.6-9;7.0.7-0;7.0.7-1;7.0.7-10;7.0.7-11;7.0.7-12;7.0.7-13;7.0.7-14;7.0.7-15;7.0.7-16;7.0.7-17;7.0.7-18;7.0.7-19;7.0.7-2;7.0.7-20;7.0.7-21;7.0.7-22;7.0.7-23;7.0.7-24;7.0.7-25;7.0.7-26;7.0.7-27;7.0.7-28;7.0.7-29;7.0.7-3;7.0.7-30;7.0.7-31;7.0.7-32;7.0.7-33;7.0.7-34;7.0.7-35;7.0.7-36;7.0.7-37;7.0.7-38;7.0.7-39;7.0.7-4;7.0.7-5;7.0.7-6;7.0.7-8;7.0.7-9;7.0.7.7;7.0.8-0;7.0.8-1;7.0.8-10;7.0.8-11;7.0.8-12;7.0.8-13;7.0.8-14;7.0.8-15;7.0.8-16;7.0.8-17;7.0.8-18;7.0.8-19;7.0.8-2;7.0.8-20;7.0.8-21;7.0.8-22;7.0.8-23;7.0.8-24;7.0.8-25;7.0.8-26;7.0.8-27;7.0.8-28;7.0.8-29;7.0.8-3;7.0.8-30;7.0.8-31;7.0.8-32;7.0.8-33;7.0.8-34;7.0.8-35;7.0.8-36;7.0.8-37;7.0.8-38;7.0.8-39;7.0.8-4;7.0.8-40;7.0.8-41;7.0.8-42;7.0.8-43;7.0.8-44;7.0.8-45;7.0.8-46;7.0.8-47;7.0.8-48;7.0.8-49;7.0.8-5;7.0.8-50;7.0.8-51;7.0.8-52;7.0.8-53;7.0.8-54;7.0.8-55;7.0.8-56;7.0.8-57;7.0.8-58;7.0.8-59;7.0.8-6;7.0.8-60;7.0.8-61;7.0.8-62;7.0.8-63;7.0.8-64;7.0.8-65;7.0.8-66;7.0.8-67;7.0.8-68;7.0.8-7;7.0.8-8;7.0.8-9;7.0.9-0;7.0.9-1;7.0.9-10;7.0.9-11;7.0.9-12;7.0.9-13;7.0.9-14;7.0.9-15;7.0.9-16;7.0.9-17;7.0.9-18;7.0.9-19;7.0.9-2;7.0.9-20;7.0.9-21;7.0.9-22;7.0.9-23;7.0.9-24;7.0.9-25;7.0.9-26;7.0.9-27;7.0.9-4;7.0.9-5;7.0.9-6;7.0.9-7;7.0.9-8;7.0.9-9,,,
CVE-2020-25663,ImageMagick,True,2,2,legacy_raw_candidate,unknown,strong_only,fenced_json,True,success,8ed707a93fc4c7b3193dd562f07c4a1cc63cc19d,1.0,1.0,1.0,True,0.06896551724137931,1.0,0.12903225806451613,False,1.0,1.0,1.0,True,1.0,1.0,1.0,True,1.0,1.0,1.0,True,8ed707a93fc4c7b3193dd562f07c4a1cc63cc19d,requires_manual_review,0,0,162,0,162,0,7.0.8-57;7.0.8-58;7.0.8-59;7.0.8-60;7.0.8-61;7.0.8-62;7.0.8-63;7.0.8-64;7.0.8-65;7.0.8-66;7.0.8-67;7.0.8-68,7.0.8-57;7.0.8-58;7.0.8-59;7.0.8-60;7.0.8-61;7.0.8-62;7.0.8-63;7.0.8-64;7.0.8-65;7.0.8-66;7.0.8-67;7.0.8-68,7.0.1-0;7.0.1-1;7.0.1-10;7.0.1-2;7.0.1-3;7.0.1-4;7.0.1-5;7.0.1-6;7.0.1-7;7.0.1-8;7.0.1-9;7.0.2-0;7.0.2-1;7.0.2-10;7.0.2-2;7.0.2-3;7.0.2-4;7.0.2-5;7.0.2-6;7.0.2-7;7.0.2-8;7.0.2-9;7.0.3-0;7.0.3-1;7.0.3-10;7.0.3-2;7.0.3-3;7.0.3-4;7.0.3-5;7.0.3-6;7.0.3-7;7.0.3-8;7.0.3-9;7.0.4-0;7.0.4-1;7.0.4-10;7.0.4-2;7.0.4-3;7.0.4-4;7.0.4-5;7.0.4-6;7.0.4-7;7.0.4-8;7.0.4-9;7.0.5-0;7.0.5-1;7.0.5-10;7.0.5-2;7.0.5-3;7.0.5-4;7.0.5-5;7.0.5-6;7.0.5-7;7.0.5-8;7.0.5-9;7.0.6-0;7.0.6-1;7.0.6-2;7.0.6-3;7.0.6-4;7.0.6-5;7.0.6-6;7.0.6-7;7.0.6-8;7.0.6-9;7.0.7-0;7.0.7-1;7.0.7-10;7.0.7-11;7.0.7-12;7.0.7-13;7.0.7-14;7.0.7-15;7.0.7-16;7.0.7-17;7.0.7-18;7.0.7-19;7.0.7-2;7.0.7-20;7.0.7-21;7.0.7-22;7.0.7-23;7.0.7-24;7.0.7-25;7.0.7-26;7.0.7-27;7.0.7-28;7.0.7-29;7.0.7-3;7.0.7-30;7.0.7-31;7.0.7-32;7.0.7-33;7.0.7-34;7.0.7-35;7.0.7-36;7.0.7-37;7.0.7-38;7.0.7-39;7.0.7-4;7.0.7-5;7.0.7-6;7.0.7-8;7.0.7-9;7.0.7.7;7.0.8-0;7.0.8-1;7.0.8-10;7.0.8-11;7.0.8-12;7.0.8-13;7.0.8-14;7.0.8-15;7.0.8-16;7.0.8-17;7.0.8-18;7.0.8-19;7.0.8-2;7.0.8-20;7.0.8-21;7.0.8-22;7.0.8-23;7.0.8-24;7.0.8-25;7.0.8-26;7.0.8-27;7.0.8-28;7.0.8-29;7.0.8-3;7.0.8-30;7.0.8-31;7.0.8-32;7.0.8-33;7.0.8-34;7.0.8-35;7.0.8-36;7.0.8-37;7.0.8-38;7.0.8-39;7.0.8-4;7.0.8-40;7.0.8-41;7.0.8-42;7.0.8-43;7.0.8-44;7.0.8-45;7.0.8-46;7.0.8-47;7.0.8-48;7.0.8-49;7.0.8-5;7.0.8-50;7.0.8-51;7.0.8-52;7.0.8-53;7.0.8-54;7.0.8-55;7.0.8-56;7.0.8-57;7.0.8-58;7.0.8-59;7.0.8-6;7.0.8-60;7.0.8-61;7.0.8-62;7.0.8-63;7.0.8-64;7.0.8-65;7.0.8-66;7.0.8-67;7.0.8-68;7.0.8-7;7.0.8-8;7.0.8-9,7.0.8-57;7.0.8-58;7.0.8-59;7.0.8-60;7.0.8-61;7.0.8-62;7.0.8-63;7.0.8-64;7.0.8-65;7.0.8-66;7.0.8-67;7.0.8-68
CVE-2020-8169,curl,True,0,0,,,none,,,not_evaluable,,0.0,0.0,0.0,False,0.0,0.0,0.0,False,0.0,0.0,0.0,False,0.0,0.0,0.0,False,0.0,0.0,0.0,False,,anchor_or_blame_likely_problem,0,0,0,0,0,0,curl-7_62_0;curl-7_63_0;curl-7_64_0;curl-7_64_1;curl-7_65_0;curl-7_65_1;curl-7_65_2;curl-7_65_3;curl-7_66_0;curl-7_67_0;curl-7_68_0;curl-7_69_0;curl-7_69_1;curl-7_70_0,,,
CVE-2020-8177,curl,True,3,3,legacy_raw_candidate,unknown,strong_only,fenced_json,True,success,6b6ba1dc29857f5eb4c31fed3d63619fea99d5f4,1.0,0.20588235294117646,0.34146341463414637,False,1.0,0.36764705882352944,0.5376344086021506,False,1.0,0.36764705882352944,0.5376344086021506,False,1.0,0.20588235294117646,0.34146341463414637,False,1.0,0.36764705882352944,0.5376344086021506,False,4dc8499494dc16bf336c1055f2ae4b78c709c87d,requires_manual_review,0,0,0,0,0,0,curl-7_23_0;curl-7_23_1;curl-7_24_0;curl-7_25_0;curl-7_26_0;curl-7_27_0;curl-7_28_0;curl-7_28_1;curl-7_29_0;curl-7_30_0;curl-7_31_0;curl-7_32_0;curl-7_33_0;curl-7_34_0;curl-7_35_0;curl-7_36_0;curl-7_37_0;curl-7_37_1;curl-7_38_0;curl-7_39_0;curl-7_40_0;curl-7_41_0;curl-7_42_0;curl-7_42_1;curl-7_43_0;curl-7_44_0;curl-7_45_0;curl-7_46_0;curl-7_47_0;curl-7_47_1;curl-7_48_0;curl-7_49_0;curl-7_49_1;curl-7_50_0;curl-7_50_1;curl-7_50_2;curl-7_50_3;curl-7_51_0;curl-7_52_0;curl-7_52_1;curl-7_53_0;curl-7_53_1;curl-7_54_0;curl-7_54_1;curl-7_55_0;curl-7_55_1;curl-7_56_0;curl-7_56_1;curl-7_57_0;curl-7_58_0;curl-7_59_0;curl-7_60_0;curl-7_61_0;curl-7_61_1;curl-7_62_0;curl-7_63_0;curl-7_64_0;curl-7_64_1;curl-7_65_0;curl-7_65_1;curl-7_65_2;curl-7_65_3;curl-7_66_0;curl-7_67_0;curl-7_68_0;curl-7_69_0;curl-7_69_1;curl-7_70_0,curl-7_62_0;curl-7_63_0;curl-7_64_0;curl-7_64_1;curl-7_65_0;curl-7_65_1;curl-7_65_2;curl-7_65_3;curl-7_66_0;curl-7_67_0;curl-7_68_0;curl-7_69_0;curl-7_69_1;curl-7_70_0,curl-7_54_1;curl-7_55_0;curl-7_55_1;curl-7_56_0;curl-7_56_1;curl-7_57_0;curl-7_58_0;curl-7_59_0;curl-7_60_0;curl-7_61_0;curl-7_61_1;curl-7_62_0;curl-7_63_0;curl-7_64_0;curl-7_64_1;curl-7_65_0;curl-7_65_1;curl-7_65_2;curl-7_65_3;curl-7_66_0;curl-7_67_0;curl-7_68_0;curl-7_69_0;curl-7_69_1;curl-7_70_0,curl-7_54_1;curl-7_55_0;curl-7_55_1;curl-7_56_0;curl-7_56_1;curl-7_57_0;curl-7_58_0;curl-7_59_0;curl-7_60_0;curl-7_61_0;curl-7_61_1;curl-7_62_0;curl-7_63_0;curl-7_64_0;curl-7_64_1;curl-7_65_0;curl-7_65_1;curl-7_65_2;curl-7_65_3;curl-7_66_0;curl-7_67_0;curl-7_68_0;curl-7_69_0;curl-7_69_1;curl-7_70_0
CVE-2020-8231,curl,True,3,2,legacy_raw_candidate,unknown,strong_only,fenced_json,True,success,d021f2e8a0067fc769652f27afec9024c0d02b3d,1.0,1.0,1.0,True,1.0,1.0,1.0,True,1.0,1.0,1.0,True,1.0,1.0,1.0,True,1.0,1.0,1.0,True,d021f2e8a0067fc769652f27afec9024c0d02b3d,requires_manual_review,0,0,0,0,0,0,curl-7_29_0;curl-7_30_0;curl-7_31_0;curl-7_32_0;curl-7_33_0;curl-7_34_0;curl-7_35_0;curl-7_36_0;curl-7_37_0;curl-7_37_1;curl-7_38_0;curl-7_39_0;curl-7_40_0;curl-7_41_0;curl-7_42_0;curl-7_42_1;curl-7_43_0;curl-7_44_0;curl-7_45_0;curl-7_46_0;curl-7_47_0;curl-7_47_1;curl-7_48_0;curl-7_49_0;curl-7_49_1;curl-7_50_0;curl-7_50_1;curl-7_50_2;curl-7_50_3;curl-7_51_0;curl-7_52_0;curl-7_52_1;curl-7_53_0;curl-7_53_1;curl-7_54_0;curl-7_54_1;curl-7_55_0;curl-7_55_1;curl-7_56_0;curl-7_56_1;curl-7_57_0;curl-7_58_0;curl-7_59_0;curl-7_60_0;curl-7_61_0;curl-7_61_1;curl-7_62_0;curl-7_63_0;curl-7_64_0;curl-7_64_1;curl-7_65_0;curl-7_65_1;curl-7_65_2;curl-7_65_3;curl-7_66_0;curl-7_67_0;curl-7_68_0;curl-7_69_0;curl-7_69_1;curl-7_70_0;curl-7_71_0;curl-7_71_1,curl-7_29_0;curl-7_30_0;curl-7_31_0;curl-7_32_0;curl-7_33_0;curl-7_34_0;curl-7_35_0;curl-7_36_0;curl-7_37_0;curl-7_37_1;curl-7_38_0;curl-7_39_0;curl-7_40_0;curl-7_41_0;curl-7_42_0;curl-7_42_1;curl-7_43_0;curl-7_44_0;curl-7_45_0;curl-7_46_0;curl-7_47_0;curl-7_47_1;curl-7_48_0;curl-7_49_0;curl-7_49_1;curl-7_50_0;curl-7_50_1;curl-7_50_2;curl-7_50_3;curl-7_51_0;curl-7_52_0;curl-7_52_1;curl-7_53_0;curl-7_53_1;curl-7_54_0;curl-7_54_1;curl-7_55_0;curl-7_55_1;curl-7_56_0;curl-7_56_1;curl-7_57_0;curl-7_58_0;curl-7_59_0;curl-7_60_0;curl-7_61_0;curl-7_61_1;curl-7_62_0;curl-7_63_0;curl-7_64_0;curl-7_64_1;curl-7_65_0;curl-7_65_1;curl-7_65_2;curl-7_65_3;curl-7_66_0;curl-7_67_0;curl-7_68_0;curl-7_69_0;curl-7_69_1;curl-7_70_0;curl-7_71_0;curl-7_71_1,curl-7_29_0;curl-7_30_0;curl-7_31_0;curl-7_32_0;curl-7_33_0;curl-7_34_0;curl-7_35_0;curl-7_36_0;curl-7_37_0;curl-7_37_1;curl-7_38_0;curl-7_39_0;curl-7_40_0;curl-7_41_0;curl-7_42_0;curl-7_42_1;curl-7_43_0;curl-7_44_0;curl-7_45_0;curl-7_46_0;curl-7_47_0;curl-7_47_1;curl-7_48_0;curl-7_49_0;curl-7_49_1;curl-7_50_0;curl-7_50_1;curl-7_50_2;curl-7_50_3;curl-7_51_0;curl-7_52_0;curl-7_52_1;curl-7_53_0;curl-7_53_1;curl-7_54_0;curl-7_54_1;curl-7_55_0;curl-7_55_1;curl-7_56_0;curl-7_56_1;curl-7_57_0;curl-7_58_0;curl-7_59_0;curl-7_60_0;curl-7_61_0;curl-7_61_1;curl-7_62_0;curl-7_63_0;curl-7_64_0;curl-7_64_1;curl-7_65_0;curl-7_65_1;curl-7_65_2;curl-7_65_3;curl-7_66_0;curl-7_67_0;curl-7_68_0;curl-7_69_0;curl-7_69_1;curl-7_70_0;curl-7_71_0;curl-7_71_1,curl-7_29_0;curl-7_30_0;curl-7_31_0;curl-7_32_0;curl-7_33_0;curl-7_34_0;curl-7_35_0;curl-7_36_0;curl-7_37_0;curl-7_37_1;curl-7_38_0;curl-7_39_0;curl-7_40_0;curl-7_41_0;curl-7_42_0;curl-7_42_1;curl-7_43_0;curl-7_44_0;curl-7_45_0;curl-7_46_0;curl-7_47_0;curl-7_47_1;curl-7_48_0;curl-7_49_0;curl-7_49_1;curl-7_50_0;curl-7_50_1;curl-7_50_2;curl-7_50_3;curl-7_51_0;curl-7_52_0;curl-7_52_1;curl-7_53_0;curl-7_53_1;curl-7_54_0;curl-7_54_1;curl-7_55_0;curl-7_55_1;curl-7_56_0;curl-7_56_1;curl-7_57_0;curl-7_58_0;curl-7_59_0;curl-7_60_0;curl-7_61_0;curl-7_61_1;curl-7_62_0;curl-7_63_0;curl-7_64_0;curl-7_64_1;curl-7_65_0;curl-7_65_1;curl-7_65_2;curl-7_65_3;curl-7_66_0;curl-7_67_0;curl-7_68_0;curl-7_69_0;curl-7_69_1;curl-7_70_0;curl-7_71_0;curl-7_71_1
CVE-2020-11984,httpd,True,4,3,legacy_raw_candidate,unknown,strong_only,json,True,success,99c59e098103ccf13b833281ec08493e042dfee0,1.0,1.0,1.0,True,1.0,1.0,1.0,True,1.0,1.0,1.0,True,1.0,1.0,1.0,True,1.0,1.0,1.0,True,99c59e098103ccf13b833281ec08493e042dfee0,requires_manual_review,0,0,1,1,0,0,2.4.30;2.4.31;2.4.32;2.4.33;2.4.34;2.4.35;2.4.36;2.4.37;2.4.38;2.4.39;2.4.40;2.4.41;2.4.42;2.4.43,2.4.30;2.4.31;2.4.32;2.4.33;2.4.34;2.4.35;2.4.36;2.4.37;2.4.38;2.4.39;2.4.40;2.4.41;2.4.42;2.4.43,2.4.30;2.4.31;2.4.32;2.4.33;2.4.34;2.4.35;2.4.36;2.4.37;2.4.38;2.4.39;2.4.40;2.4.41;2.4.42;2.4.43,2.4.30;2.4.31;2.4.32;2.4.33;2.4.34;2.4.35;2.4.36;2.4.37;2.4.38;2.4.39;2.4.40;2.4.41;2.4.42;2.4.43
CVE-2020-11985,httpd,True,1,1,legacy_raw_candidate,unknown,strong_only,fenced_json,True,success,f3f2abdb9eddec36f839ce870a32f6d6916fe49d,1.0,0.6578947368421053,0.7936507936507937,False,1.0,0.6578947368421053,0.7936507936507937,False,1.0,0.6578947368421053,0.7936507936507937,False,1.0,0.6578947368421053,0.7936507936507937,False,1.0,0.6578947368421053,0.7936507936507937,False,f3f2abdb9eddec36f839ce870a32f6d6916fe49d,requires_manual_review,0,0,0,0,0,0,2.3.10;2.3.11;2.3.12;2.3.13;2.3.14;2.3.15;2.3.16;2.3.3;2.3.4;2.3.5;2.3.6;2.3.7;2.3.8;2.3.9;2.4.0;2.4.1;2.4.10;2.4.11;2.4.12;2.4.13;2.4.14;2.4.15;2.4.16;2.4.17;2.4.18;2.4.19;2.4.2;2.4.20;2.4.21;2.4.22;2.4.23;2.4.3;2.4.4;2.4.5;2.4.6;2.4.7;2.4.8;2.4.9,2.3.16;2.4.0;2.4.1;2.4.10;2.4.11;2.4.12;2.4.13;2.4.14;2.4.15;2.4.16;2.4.17;2.4.18;2.4.19;2.4.2;2.4.20;2.4.21;2.4.22;2.4.23;2.4.3;2.4.4;2.4.5;2.4.6;2.4.7;2.4.8;2.4.9,2.3.16;2.4.0;2.4.1;2.4.10;2.4.11;2.4.12;2.4.13;2.4.14;2.4.15;2.4.16;2.4.17;2.4.18;2.4.19;2.4.2;2.4.20;2.4.21;2.4.22;2.4.23;2.4.3;2.4.4;2.4.5;2.4.6;2.4.7;2.4.8;2.4.9,2.3.16;2.4.0;2.4.1;2.4.10;2.4.11;2.4.12;2.4.13;2.4.14;2.4.15;2.4.16;2.4.17;2.4.18;2.4.19;2.4.2;2.4.20;2.4.21;2.4.22;2.4.23;2.4.3;2.4.4;2.4.5;2.4.6;2.4.7;2.4.8;2.4.9
CVE-2020-11993,httpd,True,1,1,legacy_raw_candidate,unknown,strong_only,fenced_json,True,success,c671673db96e286e2321d5babf05c767cb76a1ef,0.0,0.0,0.0,False,0.0,0.0,0.0,False,0.0,0.0,0.0,False,0.0,0.0,0.0,False,0.0,0.0,0.0,False,c671673db96e286e2321d5babf05c767cb76a1ef,anchor_or_blame_likely_problem,1,1,1,1,0,0,2.2.25;2.4.17;2.4.18;2.4.19;2.4.20;2.4.21;2.4.22;2.4.23;2.4.24;2.4.25;2.4.26;2.4.27;2.4.28;2.4.29;2.4.30;2.4.31;2.4.32;2.4.33;2.4.34;2.4.35;2.4.36;2.4.37;2.4.38;2.4.39;2.4.40;2.4.41;2.4.42;2.4.43,,,
CVE-2022-0171,linux,True,3,2,legacy_raw_candidate,unknown,strong_only,fenced_json,True,success,8931a454aea03bab21b3b8fcdc94f674eebd1c5d,1.0,0.625,0.7692307692307693,False,1.0,0.625,0.7692307692307693,False,1.0,0.625,0.7692307692307693,False,0.1111111111111111,0.625,0.18867924528301885,False,0.1111111111111111,0.625,0.18867924528301885,False,f922bd9bf33bd5a8c6694927f010f32127810fbf,non_release_tag_noise,40,40,40,40,0,0,v5.10;v5.11;v5.12;v5.13;v5.14;v5.15;v5.16;v5.17,v5.13;v5.14;v5.15;v5.16;v5.17,v5.13;v5.14;v5.15;v5.16;v5.17,v5.13;v5.14;v5.15;v5.16;v5.17
CVE-2022-0185,linux,True,1,1,legacy_raw_candidate,unknown,strong_only,json,True,success,3e1aeb00e6d132efc151dacc062b38269bc9eccc,1.0,1.0,1.0,True,1.0,1.0,1.0,True,1.0,1.0,1.0,True,0.11940298507462686,1.0,0.21333333333333335,False,0.11940298507462686,1.0,0.21333333333333335,False,3e1aeb00e6d132efc151dacc062b38269bc9eccc,non_release_tag_noise,118,118,118,118,0,0,v5.1;v5.10;v5.11;v5.12;v5.13;v5.14;v5.15;v5.16;v5.2;v5.3;v5.4;v5.5;v5.6;v5.7;v5.8;v5.9,v5.1;v5.10;v5.11;v5.12;v5.13;v5.14;v5.15;v5.16;v5.2;v5.3;v5.4;v5.5;v5.6;v5.7;v5.8;v5.9,v5.1;v5.10;v5.11;v5.12;v5.13;v5.14;v5.15;v5.16;v5.2;v5.3;v5.4;v5.5;v5.6;v5.7;v5.8;v5.9,v5.1;v5.10;v5.11;v5.12;v5.13;v5.14;v5.15;v5.16;v5.2;v5.3;v5.4;v5.5;v5.6;v5.7;v5.8;v5.9
CVE-2022-0264,linux,True,1,1,legacy_raw_candidate,unknown,strong_only,fenced_json,True,success,37086bfdc737ea6f66bf68dcf16757004d68e1e1,1.0,1.0,1.0,True,1.0,1.0,1.0,True,1.0,1.0,1.0,True,0.10256410256410256,1.0,0.18604651162790695,False,0.10256410256410256,1.0,0.18604651162790695,False,37086bfdc737ea6f66bf68dcf16757004d68e1e1,non_release_tag_noise,35,35,35,35,0,0,v5.12;v5.13;v5.14;v5.15,v5.12;v5.13;v5.14;v5.15,v5.12;v5.13;v5.14;v5.15,v5.12;v5.13;v5.14;v5.15
CVE-2022-0286,linux,True,2,2,legacy_raw_candidate,unknown,strong_only,fenced_json,True,success,bdfd2d1fa79acd03e18d1683419572f3682b39fd,1.0,1.0,1.0,True,1.0,1.0,1.0,True,1.0,1.0,1.0,True,0.11363636363636363,1.0,0.20408163265306123,False,0.11363636363636363,1.0,0.20408163265306123,False,bdfd2d1fa79acd03e18d1683419572f3682b39fd,non_release_tag_noise,39,39,39,39,0,0,v5.10;v5.11;v5.12;v5.13;v5.9,v5.10;v5.11;v5.12;v5.13;v5.9,v5.10;v5.11;v5.12;v5.13;v5.9,v5.10;v5.11;v5.12;v5.13;v5.9
CVE-2022-0322,linux,True,1,1,legacy_raw_candidate,unknown,strong_only,json,True,success,cc16f00f6529aa2378f2b949a6f68e9dc6dec363,1.0,1.0,1.0,True,1.0,1.0,1.0,True,1.0,1.0,1.0,True,0.1152073732718894,1.0,0.20661157024793386,False,0.1152073732718894,1.0,0.20661157024793386,False,cc16f00f6529aa2378f2b949a6f68e9dc6dec363,non_release_tag_noise,192,192,192,192,0,0,v4.11;v4.12;v4.13;v4.14;v4.15;v4.16;v4.17;v4.18;v4.19;v4.20;v5.0;v5.1;v5.10;v5.11;v5.12;v5.13;v5.14;v5.2;v5.3;v5.4;v5.5;v5.6;v5.7;v5.8;v5.9,v4.11;v4.12;v4.13;v4.14;v4.15;v4.16;v4.17;v4.18;v4.19;v4.20;v5.0;v5.1;v5.10;v5.11;v5.12;v5.13;v5.14;v5.2;v5.3;v5.4;v5.5;v5.6;v5.7;v5.8;v5.9,v4.11;v4.12;v4.13;v4.14;v4.15;v4.16;v4.17;v4.18;v4.19;v4.20;v5.0;v5.1;v5.10;v5.11;v5.12;v5.13;v5.14;v5.2;v5.3;v5.4;v5.5;v5.6;v5.7;v5.8;v5.9,v4.11;v4.12;v4.13;v4.14;v4.15;v4.16;v4.17;v4.18;v4.19;v4.20;v5.0;v5.1;v5.10;v5.11;v5.12;v5.13;v5.14;v5.2;v5.3;v5.4;v5.5;v5.6;v5.7;v5.8;v5.9
CVE-2022-0433,linux,True,0,0,,,none,,,not_evaluable,,0.0,0.0,0.0,False,0.0,0.0,0.0,False,0.0,0.0,0.0,False,0.0,0.0,0.0,False,0.0,0.0,0.0,False,,anchor_or_blame_likely_problem,0,0,0,0,0,0,v5.16,,,
CVE-2020-15389,openjpeg,True,4,3,legacy_raw_candidate,unknown,strong_only,fenced_json,True,success,055d429ae11ad98dfd3dc68d188ec538588d805c,1.0,1.0,1.0,True,1.0,1.0,1.0,True,1.0,1.0,1.0,True,0.8888888888888888,1.0,0.9411764705882353,False,0.8888888888888888,1.0,0.9411764705882353,False,055d429ae11ad98dfd3dc68d188ec538588d805c,non_release_tag_noise,1,1,1,1,0,0,v2.1.1;v2.1.2;v2.2.0;v2.3.0;v2.3.1;version.2.0;version.2.0.1;version.2.1,v2.1.1;v2.1.2;v2.2.0;v2.3.0;v2.3.1;version.2.0;version.2.0.1;version.2.1,v2.1.1;v2.1.2;v2.2.0;v2.3.0;v2.3.1;version.2.0;version.2.0.1;version.2.1,v2.1.1;v2.1.2;v2.2.0;v2.3.0;v2.3.1;version.2.0;version.2.0.1;version.2.1
CVE-2020-27814,openjpeg,True,0,0,,,none,,,not_evaluable,,0.0,0.0,0.0,False,0.0,0.0,0.0,False,0.0,0.0,0.0,False,0.0,0.0,0.0,False,0.0,0.0,0.0,False,,anchor_or_blame_likely_problem,0,0,0,0,0,0,v2.1.1;v2.1.2;v2.2.0;v2.3.0;v2.3.1,,,
CVE-2020-27823,openjpeg,True,2,1,legacy_raw_candidate,unknown,strong_only,fenced_json,True,success,563bd8499e63db976ca8358216138647593354bc,1.0,0.6,0.7499999999999999,False,1.0,0.6,0.7499999999999999,False,1.0,0.6,0.7499999999999999,False,1.0,0.6,0.7499999999999999,False,1.0,0.6,0.7499999999999999,False,563bd8499e63db976ca8358216138647593354bc,requires_manual_review,0,0,0,0,0,0,v2.1.1;v2.1.2;v2.2.0;v2.3.0;v2.3.1,v2.2.0;v2.3.0;v2.3.1,v2.2.0;v2.3.0;v2.3.1,v2.2.0;v2.3.0;v2.3.1
CVE-2020-1967,openssl,True,1,1,legacy_raw_candidate,unknown,strong_only,fenced_json,True,success,604ba26560ca71bf8a1c127da96727b5b2b077e1,1.0,1.0,1.0,True,1.0,1.0,1.0,True,1.0,1.0,1.0,True,1.0,1.0,1.0,True,1.0,1.0,1.0,True,604ba26560ca71bf8a1c127da96727b5b2b077e1,requires_manual_review,0,0,0,0,0,0,OpenSSL_1_1_1d;OpenSSL_1_1_1e;OpenSSL_1_1_1f,OpenSSL_1_1_1d;OpenSSL_1_1_1e;OpenSSL_1_1_1f,OpenSSL_1_1_1d;OpenSSL_1_1_1e;OpenSSL_1_1_1f,OpenSSL_1_1_1d;OpenSSL_1_1_1e;OpenSSL_1_1_1f
CVE-2020-1971,openssl,True,0,0,,,none,,,not_evaluable,,0.0,0.0,0.0,False,0.0,0.0,0.0,False,0.0,0.0,0.0,False,0.0,0.0,0.0,False,0.0,0.0,0.0,False,,anchor_or_blame_likely_problem,0,0,0,0,0,0,OpenSSL-fips-2_0;OpenSSL-fips-2_0-pl1;OpenSSL-fips-2_0_1;OpenSSL-fips-2_0_10;OpenSSL-fips-2_0_11;OpenSSL-fips-2_0_12;OpenSSL-fips-2_0_13;OpenSSL-fips-2_0_14;OpenSSL-fips-2_0_15;OpenSSL-fips-2_0_16;OpenSSL-fips-2_0_2;OpenSSL-fips-2_0_3;OpenSSL-fips-2_0_4;OpenSSL-fips-2_0_5;OpenSSL-fips-2_0_6;OpenSSL-fips-2_0_7;OpenSSL-fips-2_0_8;OpenSSL-fips-2_0_9;OpenSSL_1_0_0;OpenSSL_1_0_0a;OpenSSL_1_0_0b;OpenSSL_1_0_0c;OpenSSL_1_0_0d;OpenSSL_1_0_0e;OpenSSL_1_0_0f;OpenSSL_1_0_0g;OpenSSL_1_0_0h;OpenSSL_1_0_0i;OpenSSL_1_0_0j;OpenSSL_1_0_0k;OpenSSL_1_0_0l;OpenSSL_1_0_0m;OpenSSL_1_0_0n;OpenSSL_1_0_0o;OpenSSL_1_0_0p;OpenSSL_1_0_0q;OpenSSL_1_0_0r;OpenSSL_1_0_0s;OpenSSL_1_0_0t;OpenSSL_1_0_1;OpenSSL_1_0_1a;OpenSSL_1_0_1b;OpenSSL_1_0_1c;OpenSSL_1_0_1d;OpenSSL_1_0_1e;OpenSSL_1_0_1f;OpenSSL_1_0_1g;OpenSSL_1_0_1h;OpenSSL_1_0_1i;OpenSSL_1_0_1j;OpenSSL_1_0_1k;OpenSSL_1_0_1l;OpenSSL_1_0_1m;OpenSSL_1_0_1n;OpenSSL_1_0_1o;OpenSSL_1_0_1p;OpenSSL_1_0_1q;OpenSSL_1_0_1r;OpenSSL_1_0_1s;OpenSSL_1_0_1t;OpenSSL_1_0_1u;OpenSSL_1_0_2;OpenSSL_1_0_2a;OpenSSL_1_0_2b;OpenSSL_1_0_2c;OpenSSL_1_0_2d;OpenSSL_1_0_2e;OpenSSL_1_0_2f;OpenSSL_1_0_2g;OpenSSL_1_0_2h;OpenSSL_1_0_2i;OpenSSL_1_0_2j;OpenSSL_1_0_2k;OpenSSL_1_0_2l;OpenSSL_1_0_2m;OpenSSL_1_0_2n;OpenSSL_1_0_2o;OpenSSL_1_0_2p;OpenSSL_1_0_2q;OpenSSL_1_0_2r;OpenSSL_1_0_2s;OpenSSL_1_0_2t;OpenSSL_1_0_2u;OpenSSL_1_1_0;OpenSSL_1_1_0a;OpenSSL_1_1_0b;OpenSSL_1_1_0c;OpenSSL_1_1_0d;OpenSSL_1_1_0e;OpenSSL_1_1_0f;OpenSSL_1_1_0g;OpenSSL_1_1_0h;OpenSSL_1_1_0i;OpenSSL_1_1_0j;OpenSSL_1_1_0k;OpenSSL_1_1_0l;OpenSSL_1_1_1;OpenSSL_1_1_1a;OpenSSL_1_1_1b;OpenSSL_1_1_1c;OpenSSL_1_1_1d;OpenSSL_1_1_1e;OpenSSL_1_1_1f;OpenSSL_1_1_1g;OpenSSL_1_1_1h,,,
CVE-2021-23840,openssl,True,2,2,legacy_raw_candidate,unknown,strong_only,fenced_json,True,success,fa75ee1aecda0da96216440aa4ea91d4a17e8244,1.0,0.25,0.4,False,0.16161616161616163,1.0,0.27826086956521745,False,1.0,0.25,0.4,False,1.0,0.25,0.4,False,1.0,0.25,0.4,False,fa75ee1aecda0da96216440aa4ea91d4a17e8244,requires_manual_review,0,0,363,197,56,0,OpenSSL_1_0_2;OpenSSL_1_0_2a;OpenSSL_1_0_2b;OpenSSL_1_0_2c;OpenSSL_1_0_2d;OpenSSL_1_0_2e;OpenSSL_1_0_2f;OpenSSL_1_0_2g;OpenSSL_1_0_2h;OpenSSL_1_0_2i;OpenSSL_1_0_2j;OpenSSL_1_0_2k;OpenSSL_1_0_2l;OpenSSL_1_0_2m;OpenSSL_1_0_2n;OpenSSL_1_0_2o;OpenSSL_1_0_2p;OpenSSL_1_0_2q;OpenSSL_1_0_2r;OpenSSL_1_0_2s;OpenSSL_1_0_2t;OpenSSL_1_0_2u;OpenSSL_1_1_1;OpenSSL_1_1_1a;OpenSSL_1_1_1b;OpenSSL_1_1_1c;OpenSSL_1_1_1d;OpenSSL_1_1_1e;OpenSSL_1_1_1f;OpenSSL_1_1_1g;OpenSSL_1_1_1h;OpenSSL_1_1_1i,OpenSSL_1_1_1b;OpenSSL_1_1_1c;OpenSSL_1_1_1d;OpenSSL_1_1_1e;OpenSSL_1_1_1f;OpenSSL_1_1_1g;OpenSSL_1_1_1h;OpenSSL_1_1_1i,OpenSSL_0_9_6;OpenSSL_0_9_6a;OpenSSL_0_9_6b;OpenSSL_0_9_6c;OpenSSL_0_9_6d;OpenSSL_0_9_6e;OpenSSL_0_9_6f;OpenSSL_0_9_6g;OpenSSL_0_9_6h;OpenSSL_0_9_6i;OpenSSL_0_9_6j;OpenSSL_0_9_6k;OpenSSL_0_9_6l;OpenSSL_0_9_6m;OpenSSL_0_9_7;OpenSSL_0_9_7a;OpenSSL_0_9_7b;OpenSSL_0_9_7c;OpenSSL_0_9_7d;OpenSSL_0_9_7e;OpenSSL_0_9_7f;OpenSSL_0_9_7g;OpenSSL_0_9_7h;OpenSSL_0_9_7i;OpenSSL_0_9_7j;OpenSSL_0_9_7k;OpenSSL_0_9_7l;OpenSSL_0_9_7m;OpenSSL_0_9_8;OpenSSL_0_9_8a;OpenSSL_0_9_8b;OpenSSL_0_9_8c;OpenSSL_0_9_8d;OpenSSL_0_9_8e;OpenSSL_0_9_8f;OpenSSL_0_9_8g;OpenSSL_0_9_8h;OpenSSL_0_9_8i;OpenSSL_0_9_8j;OpenSSL_0_9_8k;OpenSSL_0_9_8l;OpenSSL_0_9_8m;OpenSSL_0_9_8n;OpenSSL_0_9_8o;OpenSSL_0_9_8p;OpenSSL_0_9_8q;OpenSSL_0_9_8r;OpenSSL_0_9_8s;OpenSSL_0_9_8t;OpenSSL_0_9_8u;OpenSSL_0_9_8v;OpenSSL_0_9_8w;OpenSSL_0_9_8x;OpenSSL_0_9_8y;OpenSSL_1_0_0;OpenSSL_1_0_0a;OpenSSL_1_0_0b;OpenSSL_1_0_0c;OpenSSL_1_0_0d;OpenSSL_1_0_0e;OpenSSL_1_0_0f;OpenSSL_1_0_0g;OpenSSL_1_0_0h;OpenSSL_1_0_0i;OpenSSL_1_0_0j;OpenSSL_1_0_0k;OpenSSL_1_0_0l;OpenSSL_1_0_0m;OpenSSL_1_0_0n;OpenSSL_1_0_0o;OpenSSL_1_0_0p;OpenSSL_1_0_0q;OpenSSL_1_0_0r;OpenSSL_1_0_0s;OpenSSL_1_0_0t;OpenSSL_1_0_1;OpenSSL_1_0_1a;OpenSSL_1_0_1b;OpenSSL_1_0_1c;OpenSSL_1_0_1d;OpenSSL_1_0_1e;OpenSSL_1_0_1f;OpenSSL_1_0_1g;OpenSSL_1_0_1h;OpenSSL_1_0_1i;OpenSSL_1_0_1j;OpenSSL_1_0_1k;OpenSSL_1_0_1l;OpenSSL_1_0_1m;OpenSSL_1_0_1n;OpenSSL_1_0_1o;OpenSSL_1_0_1p;OpenSSL_1_0_1q;OpenSSL_1_0_1r;OpenSSL_1_0_1s;OpenSSL_1_0_1t;OpenSSL_1_0_1u;OpenSSL_1_0_2;OpenSSL_1_0_2a;OpenSSL_1_0_2b;OpenSSL_1_0_2c;OpenSSL_1_0_2d;OpenSSL_1_0_2e;OpenSSL_1_0_2f;OpenSSL_1_0_2g;OpenSSL_1_0_2h;OpenSSL_1_0_2i;OpenSSL_1_0_2j;OpenSSL_1_0_2k;OpenSSL_1_0_2l;OpenSSL_1_0_2m;OpenSSL_1_0_2n;OpenSSL_1_0_2o;OpenSSL_1_0_2p;OpenSSL_1_0_2q;OpenSSL_1_0_2r;OpenSSL_1_0_2s;OpenSSL_1_0_2t;OpenSSL_1_0_2u;OpenSSL_1_1_0;OpenSSL_1_1_0a;OpenSSL_1_1_0b;OpenSSL_1_1_0c;OpenSSL_1_1_0d;OpenSSL_1_1_0e;OpenSSL_1_1_0f;OpenSSL_1_1_0g;OpenSSL_1_1_0h;OpenSSL_1_1_0i;OpenSSL_1_1_0j;OpenSSL_1_1_0k;OpenSSL_1_1_0l;OpenSSL_1_1_1;OpenSSL_1_1_1a;OpenSSL_1_1_1b;OpenSSL_1_1_1c;OpenSSL_1_1_1d;OpenSSL_1_1_1e;OpenSSL_1_1_1f;OpenSSL_1_1_1g;OpenSSL_1_1_1h;OpenSSL_1_1_1i;openssl-3.0.0;openssl-3.0.1;openssl-3.0.10;openssl-3.0.11;openssl-3.0.12;openssl-3.0.13;openssl-3.0.14;openssl-3.0.15;openssl-3.0.16;openssl-3.0.17;openssl-3.0.18;openssl-3.0.19;openssl-3.0.2;openssl-3.0.3;openssl-3.0.4;openssl-3.0.5;openssl-3.0.6;openssl-3.0.7;openssl-3.0.8;openssl-3.0.9;openssl-3.1.0;openssl-3.1.1;openssl-3.1.2;openssl-3.1.3;openssl-3.1.4;openssl-3.1.5;openssl-3.1.6;openssl-3.1.7;openssl-3.1.8;openssl-3.2.0;openssl-3.2.1;openssl-3.2.2;openssl-3.2.3;openssl-3.2.4;openssl-3.2.5;openssl-3.2.6;openssl-3.3.0;openssl-3.3.1;openssl-3.3.2;openssl-3.3.3;openssl-3.3.4;openssl-3.3.5;openssl-3.3.6;openssl-3.4.0;openssl-3.4.1;openssl-3.4.2;openssl-3.4.3;openssl-3.4.4;openssl-3.5.0;openssl-3.5.1;openssl-3.5.2;openssl-3.5.3;openssl-3.5.4;openssl-3.5.5;openssl-3.6.0;openssl-3.6.1,OpenSSL_1_1_1b;OpenSSL_1_1_1c;OpenSSL_1_1_1d;OpenSSL_1_1_1e;OpenSSL_1_1_1f;OpenSSL_1_1_1g;OpenSSL_1_1_1h;OpenSSL_1_1_1i
CVE-2020-10702,qemu,True,2,1,legacy_raw_candidate,unknown,strong_only,fenced_json,True,success,990870b205ddfdba3fd3c1321e6083005ef59d1a,0.8333333333333334,1.0,0.9090909090909091,False,0.8333333333333334,1.0,0.9090909090909091,False,0.8333333333333334,1.0,0.9090909090909091,False,0.21739130434782608,1.0,0.3571428571428571,False,0.21739130434782608,1.0,0.3571428571428571,False,990870b205ddfdba3fd3c1321e6083005ef59d1a,release_line_overreach,18,18,18,17,1,0,v4.0.0;v4.0.1;v4.1.0;v4.1.1;v4.2.0,v4.0.0;v4.0.1;v4.1.0;v4.1.1;v4.2.0;v4.2.1,v4.0.0;v4.0.1;v4.1.0;v4.1.1;v4.2.0;v4.2.1,v4.0.0;v4.0.1;v4.1.0;v4.1.1;v4.2.0;v4.2.1
CVE-2020-11869,qemu,True,3,2,legacy_raw_candidate,unknown,strong_only,fenced_json,True,success,862b4a291dcf143fdb227e97feb7fd45e6466aca,0.5,1.0,0.6666666666666666,False,0.5,1.0,0.6666666666666666,False,0.75,1.0,0.8571428571428571,False,0.12,1.0,0.21428571428571425,False,0.16666666666666666,1.0,0.2857142857142857,False,584acf34cb05f16e13a46d666196a7583d232616,release_line_overreach,22,15,22,19,1,0,v4.1.0;v4.1.1;v4.2.0,v4.0.0;v4.0.1;v4.1.0;v4.1.1;v4.2.0;v4.2.1,v4.0.0;v4.0.1;v4.1.0;v4.1.1;v4.2.0;v4.2.1,v4.1.0;v4.1.1;v4.2.0;v4.2.1
CVE-2020-11947,qemu,True,2,1,legacy_raw_candidate,unknown,strong_only,fenced_json,True,success,983924532f61091fd90d1f2fafa4aa938c414dbb,1.0,1.0,1.0,True,1.0,1.0,1.0,True,1.0,1.0,1.0,True,0.3422459893048128,1.0,0.5099601593625498,False,0.3422459893048128,1.0,0.5099601593625498,False,983924532f61091fd90d1f2fafa4aa938c414dbb,non_release_tag_noise,123,123,123,123,0,0,v1.2.0;v1.2.1;v1.2.2;v1.3.0;v1.3.1;v1.4.0;v1.4.1;v1.4.2;v1.5.0;v1.5.1;v1.5.2;v1.5.3;v1.6.0;v1.6.1;v1.6.2;v1.7.0;v1.7.1;v1.7.2;v2.0.0;v2.0.1;v2.0.2;v2.1.0;v2.1.1;v2.1.2;v2.1.3;v2.10.0;v2.10.1;v2.10.2;v2.11.0;v2.11.1;v2.11.2;v2.12.0;v2.12.1;v2.2.0;v2.2.1;v2.3.0;v2.3.1;v2.4.0;v2.4.0.1;v2.4.1;v2.5.0;v2.5.1;v2.5.1.1;v2.6.0;v2.6.1;v2.6.2;v2.7.0;v2.7.1;v2.8.0;v2.8.1;v2.8.1.1;v2.9.0;v2.9.1;v3.0.0;v3.0.1;v3.1.0;v3.1.1;v3.1.1.1;v4.0.0;v4.0.1;v4.1.0;v4.1.1;v4.2.0;v4.2.1,v1.2.0;v1.2.1;v1.2.2;v1.3.0;v1.3.1;v1.4.0;v1.4.1;v1.4.2;v1.5.0;v1.5.1;v1.5.2;v1.5.3;v1.6.0;v1.6.1;v1.6.2;v1.7.0;v1.7.1;v1.7.2;v2.0.0;v2.0.1;v2.0.2;v2.1.0;v2.1.1;v2.1.2;v2.1.3;v2.10.0;v2.10.1;v2.10.2;v2.11.0;v2.11.1;v2.11.2;v2.12.0;v2.12.1;v2.2.0;v2.2.1;v2.3.0;v2.3.1;v2.4.0;v2.4.0.1;v2.4.1;v2.5.0;v2.5.1;v2.5.1.1;v2.6.0;v2.6.1;v2.6.2;v2.7.0;v2.7.1;v2.8.0;v2.8.1;v2.8.1.1;v2.9.0;v2.9.1;v3.0.0;v3.0.1;v3.1.0;v3.1.1;v3.1.1.1;v4.0.0;v4.0.1;v4.1.0;v4.1.1;v4.2.0;v4.2.1,v1.2.0;v1.2.1;v1.2.2;v1.3.0;v1.3.1;v1.4.0;v1.4.1;v1.4.2;v1.5.0;v1.5.1;v1.5.2;v1.5.3;v1.6.0;v1.6.1;v1.6.2;v1.7.0;v1.7.1;v1.7.2;v2.0.0;v2.0.1;v2.0.2;v2.1.0;v2.1.1;v2.1.2;v2.1.3;v2.10.0;v2.10.1;v2.10.2;v2.11.0;v2.11.1;v2.11.2;v2.12.0;v2.12.1;v2.2.0;v2.2.1;v2.3.0;v2.3.1;v2.4.0;v2.4.0.1;v2.4.1;v2.5.0;v2.5.1;v2.5.1.1;v2.6.0;v2.6.1;v2.6.2;v2.7.0;v2.7.1;v2.8.0;v2.8.1;v2.8.1.1;v2.9.0;v2.9.1;v3.0.0;v3.0.1;v3.1.0;v3.1.1;v3.1.1.1;v4.0.0;v4.0.1;v4.1.0;v4.1.1;v4.2.0;v4.2.1,v1.2.0;v1.2.1;v1.2.2;v1.3.0;v1.3.1;v1.4.0;v1.4.1;v1.4.2;v1.5.0;v1.5.1;v1.5.2;v1.5.3;v1.6.0;v1.6.1;v1.6.2;v1.7.0;v1.7.1;v1.7.2;v2.0.0;v2.0.1;v2.0.2;v2.1.0;v2.1.1;v2.1.2;v2.1.3;v2.10.0;v2.10.1;v2.10.2;v2.11.0;v2.11.1;v2.11.2;v2.12.0;v2.12.1;v2.2.0;v2.2.1;v2.3.0;v2.3.1;v2.4.0;v2.4.0.1;v2.4.1;v2.5.0;v2.5.1;v2.5.1.1;v2.6.0;v2.6.1;v2.6.2;v2.7.0;v2.7.1;v2.8.0;v2.8.1;v2.8.1.1;v2.9.0;v2.9.1;v3.0.0;v3.0.1;v3.1.0;v3.1.1;v3.1.1.1;v4.0.0;v4.0.1;v4.1.0;v4.1.1;v4.2.0;v4.2.1
CVE-2020-11647,wireshark,True,3,3,legacy_raw_candidate,unknown,strong_only,fenced_json,True,success,01f7356f85d33567a25e722e6488addd72ff64d4,0.4,0.4484848484848485,0.4228571428571429,False,0.5799648506151143,1.0,0.7341490545050056,False,0.5799648506151143,1.0,0.7341490545050056,False,0.24065040650406505,0.4484848484848485,0.31322751322751324,False,0.36585365853658536,1.0,0.5357142857142857,False,809fb769b4b903c1f1e003dcd24e7ab1b15402e8,release_line_overreach,467,572,572,333,72,0,v1.10.0;v1.10.1;v1.10.10;v1.10.11;v1.10.12;v1.10.13;v1.10.14;v1.10.2;v1.10.3;v1.10.4;v1.10.5;v1.10.6;v1.10.7;v1.10.8;v1.10.9;v1.11.0;v1.11.1;v1.11.2;v1.11.3;v1.12.0;v1.12.1;v1.12.10;v1.12.11;v1.12.12;v1.12.13;v1.12.2;v1.12.3;v1.12.4;v1.12.5;v1.12.6;v1.12.7;v1.12.8;v1.12.9;v1.8.0;v1.8.1;v1.8.10;v1.8.11;v1.8.12;v1.8.13;v1.8.14;v1.8.15;v1.8.2;v1.8.3;v1.8.4;v1.8.5;v1.8.6;v1.8.7;v1.8.8;v1.8.9;v1.99.0;v1.99.1;v1.99.2;v1.99.3;v1.99.4;v1.99.5;v1.99.6;v1.99.7;v1.99.8;v1.99.9;v2.0.0;v2.0.1;v2.0.10;v2.0.11;v2.0.12;v2.0.13;v2.0.14;v2.0.15;v2.0.16;v2.0.2;v2.0.3;v2.0.4;v2.0.5;v2.0.6;v2.0.7;v2.0.8;v2.0.9;v2.1.0;v2.1.1;v2.2.0;v2.2.1;v2.2.10;v2.2.11;v2.2.12;v2.2.13;v2.2.14;v2.2.15;v2.2.16;v2.2.17;v2.2.2;v2.2.3;v2.2.4;v2.2.5;v2.2.6;v2.2.7;v2.2.8;v2.2.9;v2.4.0;v2.4.1;v2.4.10;v2.4.11;v2.4.12;v2.4.13;v2.4.14;v2.4.15;v2.4.16;v2.4.2;v2.4.3;v2.4.4;v2.4.5;v2.4.6;v2.4.7;v2.4.8;v2.4.9;v2.5.0;v2.5.1;v2.6.0;v2.6.1;v2.6.10;v2.6.11;v2.6.12;v2.6.13;v2.6.14;v2.6.15;v2.6.2;v2.6.3;v2.6.4;v2.6.5;v2.6.6;v2.6.7;v2.6.8;v2.6.9;v2.9.0;v3.0.0;v3.0.1;v3.0.2;v3.0.3;v3.0.4;v3.0.5;v3.0.6;v3.0.7;v3.0.8;v3.0.9;v3.1.0;v3.1.1;v3.2.0;v3.2.1;v3.2.2;v3.7.0;v3.7.1;v3.7.2;v4.0.0;v4.0.1;v4.0.2;v4.1.0;wireshark-1.10.0;wireshark-1.10.1;wireshark-1.10.10;wireshark-1.10.11;wireshark-1.10.12;wireshark-1.10.13;wireshark-1.10.14;wireshark-1.10.2;wireshark-1.10.3;wireshark-1.10.4;wireshark-1.10.5;wireshark-1.10.6;wireshark-1.10.7;wireshark-1.10.8;wireshark-1.10.9;wireshark-1.11.3;wireshark-1.12.0;wireshark-1.12.1;wireshark-1.12.10;wireshark-1.12.11;wireshark-1.12.12;wireshark-1.12.13;wireshark-1.12.2;wireshark-1.12.3;wireshark-1.12.4;wireshark-1.12.5;wireshark-1.12.6;wireshark-1.12.7;wireshark-1.12.8;wireshark-1.12.9;wireshark-1.4.0;wireshark-1.4.1;wireshark-1.4.10;wireshark-1.4.11;wireshark-1.4.12;wireshark-1.4.13;wireshark-1.4.14;wireshark-1.4.15;wireshark-1.4.2;wireshark-1.4.3;wireshark-1.4.4;wireshark-1.4.5;wireshark-1.4.6;wireshark-1.4.7;wireshark-1.4.8;wireshark-1.4.9;wireshark-1.6.0;wireshark-1.6.1;wireshark-1.6.10;wireshark-1.6.11;wireshark-1.6.12;wireshark-1.6.13;wireshark-1.6.14;wireshark-1.6.15;wireshark-1.6.16;wireshark-1.6.2;wireshark-1.6.3;wireshark-1.6.4;wireshark-1.6.5;wireshark-1.6.6;wireshark-1.6.7;wireshark-1.6.8;wireshark-1.6.9;wireshark-1.8.0;wireshark-1.8.1;wireshark-1.8.10;wireshark-1.8.11;wireshark-1.8.12;wireshark-1.8.13;wireshark-1.8.14;wireshark-1.8.15;wireshark-1.8.2;wireshark-1.8.3;wireshark-1.8.4;wireshark-1.8.5;wireshark-1.8.6;wireshark-1.8.7;wireshark-1.8.8;wireshark-1.8.9;wireshark-1.99.0;wireshark-1.99.1;wireshark-1.99.2;wireshark-1.99.3;wireshark-1.99.4;wireshark-1.99.5;wireshark-1.99.6;wireshark-1.99.7;wireshark-1.99.8;wireshark-1.99.9;wireshark-2.0.0;wireshark-2.0.1;wireshark-2.0.10;wireshark-2.0.11;wireshark-2.0.12;wireshark-2.0.13;wireshark-2.0.14;wireshark-2.0.15;wireshark-2.0.16;wireshark-2.0.2;wireshark-2.0.3;wireshark-2.0.4;wireshark-2.0.5;wireshark-2.0.6;wireshark-2.0.7;wireshark-2.0.8;wireshark-2.0.9;wireshark-2.1.0;wireshark-2.1.1;wireshark-2.2.0;wireshark-2.2.1;wireshark-2.2.10;wireshark-2.2.11;wireshark-2.2.12;wireshark-2.2.13;wireshark-2.2.14;wireshark-2.2.15;wireshark-2.2.16;wireshark-2.2.17;wireshark-2.2.2;wireshark-2.2.3;wireshark-2.2.4;wireshark-2.2.5;wireshark-2.2.6;wireshark-2.2.7;wireshark-2.2.8;wireshark-2.2.9;wireshark-2.4.0;wireshark-2.4.1;wireshark-2.4.10;wireshark-2.4.11;wireshark-2.4.12;wireshark-2.4.13;wireshark-2.4.14;wireshark-2.4.15;wireshark-2.4.16;wireshark-2.4.2;wireshark-2.4.3;wireshark-2.4.4;wireshark-2.4.5;wireshark-2.4.6;wireshark-2.4.7;wireshark-2.4.8;wireshark-2.4.9;wireshark-2.5.0;wireshark-2.6.0;wireshark-2.6.1;wireshark-2.6.10;wireshark-2.6.11;wireshark-2.6.12;wireshark-2.6.13;wireshark-2.6.14;wireshark-2.6.15;wireshark-2.6.2;wireshark-2.6.3;wireshark-2.6.4;wireshark-2.6.5;wireshark-2.6.6;wireshark-2.6.7;wireshark-2.6.8;wireshark-2.6.9;wireshark-3.0.0;wireshark-3.0.1;wireshark-3.0.2;wireshark-3.0.3;wireshark-3.0.4;wireshark-3.0.5;wireshark-3.0.6;wireshark-3.0.7;wireshark-3.0.8;wireshark-3.0.9;wireshark-3.2.0;wireshark-3.2.1;wireshark-3.2.2;wireshark-4.0.0;wireshark-4.0.1;wireshark-4.0.2,ssv0.9.0;ssv0.9.1;ssv0.9.2;ssv0.9.3;v2.1.0;v2.1.1;v2.2.0;v2.2.1;v2.2.10;v2.2.11;v2.2.12;v2.2.13;v2.2.14;v2.2.15;v2.2.16;v2.2.17;v2.2.2;v2.2.3;v2.2.4;v2.2.5;v2.2.6;v2.2.7;v2.2.8;v2.2.9;v2.4.0;v2.4.1;v2.4.10;v2.4.11;v2.4.12;v2.4.13;v2.4.14;v2.4.15;v2.4.16;v2.4.2;v2.4.3;v2.4.4;v2.4.5;v2.4.6;v2.4.7;v2.4.8;v2.4.9;v2.5.0;v2.5.1;v2.6.0;v2.6.1;v2.6.10;v2.6.11;v2.6.12;v2.6.13;v2.6.14;v2.6.15;v2.6.2;v2.6.3;v2.6.4;v2.6.5;v2.6.6;v2.6.7;v2.6.8;v2.6.9;v2.9.0;v3.0.0;v3.0.1;v3.0.10;v3.0.11;v3.0.12;v3.0.13;v3.0.14;v3.0.2;v3.0.3;v3.0.4;v3.0.5;v3.0.6;v3.0.7;v3.0.8;v3.0.9;v3.1.0;v3.1.1;v3.2.0;v3.2.1;v3.2.10;v3.2.11;v3.2.12;v3.2.13;v3.2.14;v3.2.15;v3.2.16;v3.2.17;v3.2.18;v3.2.2;v3.2.3;v3.2.4;v3.2.5;v3.2.6;v3.2.7;v3.2.8;v3.2.9;v3.3.0;v3.3.1;v3.4.0;v3.4.1;v3.4.10;v3.4.11;v3.4.12;v3.4.13;v3.4.14;v3.4.15;v3.4.16;v3.4.2;v3.4.3;v3.4.4;v3.4.5;v3.4.6;v3.4.7;v3.4.8;v3.4.9;v3.5.0;v3.6.0;v3.6.1;v3.6.10;v3.6.11;v3.6.12;v3.6.13;v3.6.14;v3.6.15;v3.6.16;v3.6.17;v3.6.18;v3.6.19;v3.6.2;v3.6.20;v3.6.21;v3.6.22;v3.6.23;v3.6.24;v3.6.3;v3.6.4;v3.6.5;v3.6.6;v3.6.7;v3.6.8;v3.6.9;v3.7.0;v3.7.1;v3.7.2;v4.0.0;v4.0.1;v4.0.10;v4.0.11;v4.0.12;v4.0.13;v4.0.14;v4.0.15;v4.0.16;v4.0.17;v4.0.2;v4.0.3;v4.0.4;v4.0.5;v4.0.6;v4.0.7;v4.0.8;v4.0.9;v4.1.0;v4.2.0;v4.2.1;v4.2.10;v4.2.11;v4.2.12;v4.2.13;v4.2.14;v4.2.2;v4.2.3;v4.2.4;v4.2.5;v4.2.6;v4.2.7;v4.2.8;v4.2.9;v4.3.0;v4.3.1;v4.4.0;v4.4.1;v4.4.10;v4.4.11;v4.4.12;v4.4.13;v4.4.2;v4.4.3;v4.4.4;v4.4.5;v4.4.6;v4.4.7;v4.4.8;v4.4.9;v4.6.0;v4.6.1;v4.6.2;v4.6.3;wireshark-2.1.0;wireshark-2.1.1;wireshark-2.2.0;wireshark-2.2.1;wireshark-2.2.10;wireshark-2.2.11;wireshark-2.2.12;wireshark-2.2.13;wireshark-2.2.14;wireshark-2.2.15;wireshark-2.2.16;wireshark-2.2.17;wireshark-2.2.2;wireshark-2.2.3;wireshark-2.2.4;wireshark-2.2.5;wireshark-2.2.6;wireshark-2.2.7;wireshark-2.2.8;wireshark-2.2.9;wireshark-2.4.0;wireshark-2.4.1;wireshark-2.4.10;wireshark-2.4.11;wireshark-2.4.12;wireshark-2.4.13;wireshark-2.4.14;wireshark-2.4.15;wireshark-2.4.16;wireshark-2.4.2;wireshark-2.4.3;wireshark-2.4.4;wireshark-2.4.5;wireshark-2.4.6;wireshark-2.4.7;wireshark-2.4.8;wireshark-2.4.9;wireshark-2.5.0;wireshark-2.6.0;wireshark-2.6.1;wireshark-2.6.10;wireshark-2.6.11;wireshark-2.6.12;wireshark-2.6.13;wireshark-2.6.14;wireshark-2.6.15;wireshark-2.6.2;wireshark-2.6.3;wireshark-2.6.4;wireshark-2.6.5;wireshark-2.6.6;wireshark-2.6.7;wireshark-2.6.8;wireshark-2.6.9;wireshark-3.0.0;wireshark-3.0.1;wireshark-3.0.10;wireshark-3.0.11;wireshark-3.0.12;wireshark-3.0.13;wireshark-3.0.14;wireshark-3.0.2;wireshark-3.0.3;wireshark-3.0.4;wireshark-3.0.5;wireshark-3.0.6;wireshark-3.0.7;wireshark-3.0.8;wireshark-3.0.9;wireshark-3.2.0;wireshark-3.2.1;wireshark-3.2.10;wireshark-3.2.11;wireshark-3.2.12;wireshark-3.2.13;wireshark-3.2.14;wireshark-3.2.15;wireshark-3.2.16;wireshark-3.2.17;wireshark-3.2.18;wireshark-3.2.2;wireshark-3.2.3;wireshark-3.2.4;wireshark-3.2.5;wireshark-3.2.6;wireshark-3.2.7;wireshark-3.2.8;wireshark-3.2.9;wireshark-3.4.0;wireshark-3.4.1;wireshark-3.4.10;wireshark-3.4.11;wireshark-3.4.12;wireshark-3.4.13;wireshark-3.4.14;wireshark-3.4.15;wireshark-3.4.16;wireshark-3.4.2;wireshark-3.4.3;wireshark-3.4.4;wireshark-3.4.5;wireshark-3.4.6;wireshark-3.4.7;wireshark-3.4.8;wireshark-3.4.9;wireshark-3.6.0;wireshark-3.6.1;wireshark-3.6.10;wireshark-3.6.11;wireshark-3.6.12;wireshark-3.6.13;wireshark-3.6.14;wireshark-3.6.15;wireshark-3.6.16;wireshark-3.6.17;wireshark-3.6.18;wireshark-3.6.19;wireshark-3.6.2;wireshark-3.6.20;wireshark-3.6.21;wireshark-3.6.22;wireshark-3.6.23;wireshark-3.6.24;wireshark-3.6.3;wireshark-3.6.4;wireshark-3.6.5;wireshark-3.6.6;wireshark-3.6.7;wireshark-3.6.8;wireshark-3.6.9;wireshark-4.0.0;wireshark-4.0.1;wireshark-4.0.10;wireshark-4.0.11;wireshark-4.0.12;wireshark-4.0.13;wireshark-4.0.14;wireshark-4.0.15;wireshark-4.0.16;wireshark-4.0.17;wireshark-4.0.2;wireshark-4.0.3;wireshark-4.0.4;wireshark-4.0.5;wireshark-4.0.6;wireshark-4.0.7;wireshark-4.0.8;wireshark-4.0.9;wireshark-4.2.0;wireshark-4.2.1;wireshark-4.2.10;wireshark-4.2.11;wireshark-4.2.12;wireshark-4.2.13;wireshark-4.2.2;wireshark-4.2.3;wireshark-4.2.4;wireshark-4.2.5;wireshark-4.2.6;wireshark-4.2.7;wireshark-4.2.8;wireshark-4.2.9;wireshark-4.4.0;wireshark-4.4.1;wireshark-4.4.2;wireshark-4.4.3;wireshark-4.4.4;wireshark-4.4.5;wireshark-4.4.6;wireshark-4.4.7;wireshark-4.4.8;wireshark-4.4.9,ssv0.9.0;ssv0.9.1;ssv0.9.2;ssv0.9.3;v1.10.0;v1.10.1;v1.10.10;v1.10.11;v1.10.12;v1.10.13;v1.10.14;v1.10.2;v1.10.3;v1.10.4;v1.10.5;v1.10.6;v1.10.7;v1.10.8;v1.10.9;v1.11.0;v1.11.1;v1.11.2;v1.11.3;v1.12.0;v1.12.1;v1.12.10;v1.12.11;v1.12.12;v1.12.13;v1.12.2;v1.12.3;v1.12.4;v1.12.5;v1.12.6;v1.12.7;v1.12.8;v1.12.9;v1.8.0;v1.8.1;v1.8.10;v1.8.11;v1.8.12;v1.8.13;v1.8.14;v1.8.15;v1.8.2;v1.8.3;v1.8.4;v1.8.5;v1.8.6;v1.8.7;v1.8.8;v1.8.9;v1.99.0;v1.99.1;v1.99.2;v1.99.3;v1.99.4;v1.99.5;v1.99.6;v1.99.7;v1.99.8;v1.99.9;v2.0.0;v2.0.1;v2.0.10;v2.0.11;v2.0.12;v2.0.13;v2.0.14;v2.0.15;v2.0.16;v2.0.2;v2.0.3;v2.0.4;v2.0.5;v2.0.6;v2.0.7;v2.0.8;v2.0.9;v2.1.0;v2.1.1;v2.2.0;v2.2.1;v2.2.10;v2.2.11;v2.2.12;v2.2.13;v2.2.14;v2.2.15;v2.2.16;v2.2.17;v2.2.2;v2.2.3;v2.2.4;v2.2.5;v2.2.6;v2.2.7;v2.2.8;v2.2.9;v2.4.0;v2.4.1;v2.4.10;v2.4.11;v2.4.12;v2.4.13;v2.4.14;v2.4.15;v2.4.16;v2.4.2;v2.4.3;v2.4.4;v2.4.5;v2.4.6;v2.4.7;v2.4.8;v2.4.9;v2.5.0;v2.5.1;v2.6.0;v2.6.1;v2.6.10;v2.6.11;v2.6.12;v2.6.13;v2.6.14;v2.6.15;v2.6.2;v2.6.3;v2.6.4;v2.6.5;v2.6.6;v2.6.7;v2.6.8;v2.6.9;v2.9.0;v3.0.0;v3.0.1;v3.0.10;v3.0.11;v3.0.12;v3.0.13;v3.0.14;v3.0.2;v3.0.3;v3.0.4;v3.0.5;v3.0.6;v3.0.7;v3.0.8;v3.0.9;v3.1.0;v3.1.1;v3.2.0;v3.2.1;v3.2.10;v3.2.11;v3.2.12;v3.2.13;v3.2.14;v3.2.15;v3.2.16;v3.2.17;v3.2.18;v3.2.2;v3.2.3;v3.2.4;v3.2.5;v3.2.6;v3.2.7;v3.2.8;v3.2.9;v3.3.0;v3.3.1;v3.4.0;v3.4.1;v3.4.10;v3.4.11;v3.4.12;v3.4.13;v3.4.14;v3.4.15;v3.4.16;v3.4.2;v3.4.3;v3.4.4;v3.4.5;v3.4.6;v3.4.7;v3.4.8;v3.4.9;v3.5.0;v3.6.0;v3.6.1;v3.6.10;v3.6.11;v3.6.12;v3.6.13;v3.6.14;v3.6.15;v3.6.16;v3.6.17;v3.6.18;v3.6.19;v3.6.2;v3.6.20;v3.6.21;v3.6.22;v3.6.23;v3.6.24;v3.6.3;v3.6.4;v3.6.5;v3.6.6;v3.6.7;v3.6.8;v3.6.9;v3.7.0;v3.7.1;v3.7.2;v4.0.0;v4.0.1;v4.0.10;v4.0.11;v4.0.12;v4.0.13;v4.0.14;v4.0.15;v4.0.16;v4.0.17;v4.0.2;v4.0.3;v4.0.4;v4.0.5;v4.0.6;v4.0.7;v4.0.8;v4.0.9;v4.1.0;v4.2.0;v4.2.1;v4.2.10;v4.2.11;v4.2.12;v4.2.13;v4.2.14;v4.2.2;v4.2.3;v4.2.4;v4.2.5;v4.2.6;v4.2.7;v4.2.8;v4.2.9;v4.3.0;v4.3.1;v4.4.0;v4.4.1;v4.4.10;v4.4.11;v4.4.12;v4.4.13;v4.4.2;v4.4.3;v4.4.4;v4.4.5;v4.4.6;v4.4.7;v4.4.8;v4.4.9;v4.6.0;v4.6.1;v4.6.2;v4.6.3;wireshark-1.10.0;wireshark-1.10.1;wireshark-1.10.10;wireshark-1.10.11;wireshark-1.10.12;wireshark-1.10.13;wireshark-1.10.14;wireshark-1.10.2;wireshark-1.10.3;wireshark-1.10.4;wireshark-1.10.5;wireshark-1.10.6;wireshark-1.10.7;wireshark-1.10.8;wireshark-1.10.9;wireshark-1.11.3;wireshark-1.12.0;wireshark-1.12.1;wireshark-1.12.10;wireshark-1.12.11;wireshark-1.12.12;wireshark-1.12.13;wireshark-1.12.2;wireshark-1.12.3;wireshark-1.12.4;wireshark-1.12.5;wireshark-1.12.6;wireshark-1.12.7;wireshark-1.12.8;wireshark-1.12.9;wireshark-1.2.10;wireshark-1.2.11;wireshark-1.2.12;wireshark-1.2.13;wireshark-1.2.14;wireshark-1.2.15;wireshark-1.2.16;wireshark-1.2.17;wireshark-1.2.18;wireshark-1.2.2;wireshark-1.2.3;wireshark-1.2.4;wireshark-1.2.5;wireshark-1.2.6;wireshark-1.2.7;wireshark-1.2.8;wireshark-1.2.9;wireshark-1.4.0;wireshark-1.4.1;wireshark-1.4.10;wireshark-1.4.11;wireshark-1.4.12;wireshark-1.4.13;wireshark-1.4.14;wireshark-1.4.15;wireshark-1.4.2;wireshark-1.4.3;wireshark-1.4.4;wireshark-1.4.5;wireshark-1.4.6;wireshark-1.4.7;wireshark-1.4.8;wireshark-1.4.9;wireshark-1.6.0;wireshark-1.6.1;wireshark-1.6.10;wireshark-1.6.11;wireshark-1.6.12;wireshark-1.6.13;wireshark-1.6.14;wireshark-1.6.15;wireshark-1.6.16;wireshark-1.6.2;wireshark-1.6.3;wireshark-1.6.4;wireshark-1.6.5;wireshark-1.6.6;wireshark-1.6.7;wireshark-1.6.8;wireshark-1.6.9;wireshark-1.8.0;wireshark-1.8.1;wireshark-1.8.10;wireshark-1.8.11;wireshark-1.8.12;wireshark-1.8.13;wireshark-1.8.14;wireshark-1.8.15;wireshark-1.8.2;wireshark-1.8.3;wireshark-1.8.4;wireshark-1.8.5;wireshark-1.8.6;wireshark-1.8.7;wireshark-1.8.8;wireshark-1.8.9;wireshark-1.99.0;wireshark-1.99.1;wireshark-1.99.2;wireshark-1.99.3;wireshark-1.99.4;wireshark-1.99.5;wireshark-1.99.6;wireshark-1.99.7;wireshark-1.99.8;wireshark-1.99.9;wireshark-2.0.0;wireshark-2.0.1;wireshark-2.0.10;wireshark-2.0.11;wireshark-2.0.12;wireshark-2.0.13;wireshark-2.0.14;wireshark-2.0.15;wireshark-2.0.16;wireshark-2.0.2;wireshark-2.0.3;wireshark-2.0.4;wireshark-2.0.5;wireshark-2.0.6;wireshark-2.0.7;wireshark-2.0.8;wireshark-2.0.9;wireshark-2.1.0;wireshark-2.1.1;wireshark-2.2.0;wireshark-2.2.1;wireshark-2.2.10;wireshark-2.2.11;wireshark-2.2.12;wireshark-2.2.13;wireshark-2.2.14;wireshark-2.2.15;wireshark-2.2.16;wireshark-2.2.17;wireshark-2.2.2;wireshark-2.2.3;wireshark-2.2.4;wireshark-2.2.5;wireshark-2.2.6;wireshark-2.2.7;wireshark-2.2.8;wireshark-2.2.9;wireshark-2.4.0;wireshark-2.4.1;wireshark-2.4.10;wireshark-2.4.11;wireshark-2.4.12;wireshark-2.4.13;wireshark-2.4.14;wireshark-2.4.15;wireshark-2.4.16;wireshark-2.4.2;wireshark-2.4.3;wireshark-2.4.4;wireshark-2.4.5;wireshark-2.4.6;wireshark-2.4.7;wireshark-2.4.8;wireshark-2.4.9;wireshark-2.5.0;wireshark-2.6.0;wireshark-2.6.1;wireshark-2.6.10;wireshark-2.6.11;wireshark-2.6.12;wireshark-2.6.13;wireshark-2.6.14;wireshark-2.6.15;wireshark-2.6.2;wireshark-2.6.3;wireshark-2.6.4;wireshark-2.6.5;wireshark-2.6.6;wireshark-2.6.7;wireshark-2.6.8;wireshark-2.6.9;wireshark-3.0.0;wireshark-3.0.1;wireshark-3.0.10;wireshark-3.0.11;wireshark-3.0.12;wireshark-3.0.13;wireshark-3.0.14;wireshark-3.0.2;wireshark-3.0.3;wireshark-3.0.4;wireshark-3.0.5;wireshark-3.0.6;wireshark-3.0.7;wireshark-3.0.8;wireshark-3.0.9;wireshark-3.2.0;wireshark-3.2.1;wireshark-3.2.10;wireshark-3.2.11;wireshark-3.2.12;wireshark-3.2.13;wireshark-3.2.14;wireshark-3.2.15;wireshark-3.2.16;wireshark-3.2.17;wireshark-3.2.18;wireshark-3.2.2;wireshark-3.2.3;wireshark-3.2.4;wireshark-3.2.5;wireshark-3.2.6;wireshark-3.2.7;wireshark-3.2.8;wireshark-3.2.9;wireshark-3.4.0;wireshark-3.4.1;wireshark-3.4.10;wireshark-3.4.11;wireshark-3.4.12;wireshark-3.4.13;wireshark-3.4.14;wireshark-3.4.15;wireshark-3.4.16;wireshark-3.4.2;wireshark-3.4.3;wireshark-3.4.4;wireshark-3.4.5;wireshark-3.4.6;wireshark-3.4.7;wireshark-3.4.8;wireshark-3.4.9;wireshark-3.6.0;wireshark-3.6.1;wireshark-3.6.10;wireshark-3.6.11;wireshark-3.6.12;wireshark-3.6.13;wireshark-3.6.14;wireshark-3.6.15;wireshark-3.6.16;wireshark-3.6.17;wireshark-3.6.18;wireshark-3.6.19;wireshark-3.6.2;wireshark-3.6.20;wireshark-3.6.21;wireshark-3.6.22;wireshark-3.6.23;wireshark-3.6.24;wireshark-3.6.3;wireshark-3.6.4;wireshark-3.6.5;wireshark-3.6.6;wireshark-3.6.7;wireshark-3.6.8;wireshark-3.6.9;wireshark-4.0.0;wireshark-4.0.1;wireshark-4.0.10;wireshark-4.0.11;wireshark-4.0.12;wireshark-4.0.13;wireshark-4.0.14;wireshark-4.0.15;wireshark-4.0.16;wireshark-4.0.17;wireshark-4.0.2;wireshark-4.0.3;wireshark-4.0.4;wireshark-4.0.5;wireshark-4.0.6;wireshark-4.0.7;wireshark-4.0.8;wireshark-4.0.9;wireshark-4.2.0;wireshark-4.2.1;wireshark-4.2.10;wireshark-4.2.11;wireshark-4.2.12;wireshark-4.2.13;wireshark-4.2.2;wireshark-4.2.3;wireshark-4.2.4;wireshark-4.2.5;wireshark-4.2.6;wireshark-4.2.7;wireshark-4.2.8;wireshark-4.2.9;wireshark-4.4.0;wireshark-4.4.1;wireshark-4.4.2;wireshark-4.4.3;wireshark-4.4.4;wireshark-4.4.5;wireshark-4.4.6;wireshark-4.4.7;wireshark-4.4.8;wireshark-4.4.9,ssv0.9.0;ssv0.9.1;ssv0.9.2;ssv0.9.3;v1.10.0;v1.10.1;v1.10.10;v1.10.11;v1.10.12;v1.10.13;v1.10.14;v1.10.2;v1.10.3;v1.10.4;v1.10.5;v1.10.6;v1.10.7;v1.10.8;v1.10.9;v1.11.0;v1.11.1;v1.11.2;v1.11.3;v1.12.0;v1.12.1;v1.12.10;v1.12.11;v1.12.12;v1.12.13;v1.12.2;v1.12.3;v1.12.4;v1.12.5;v1.12.6;v1.12.7;v1.12.8;v1.12.9;v1.8.0;v1.8.1;v1.8.10;v1.8.11;v1.8.12;v1.8.13;v1.8.14;v1.8.15;v1.8.2;v1.8.3;v1.8.4;v1.8.5;v1.8.6;v1.8.7;v1.8.8;v1.8.9;v1.99.0;v1.99.1;v1.99.2;v1.99.3;v1.99.4;v1.99.5;v1.99.6;v1.99.7;v1.99.8;v1.99.9;v2.0.0;v2.0.1;v2.0.10;v2.0.11;v2.0.12;v2.0.13;v2.0.14;v2.0.15;v2.0.16;v2.0.2;v2.0.3;v2.0.4;v2.0.5;v2.0.6;v2.0.7;v2.0.8;v2.0.9;v2.1.0;v2.1.1;v2.2.0;v2.2.1;v2.2.10;v2.2.11;v2.2.12;v2.2.13;v2.2.14;v2.2.15;v2.2.16;v2.2.17;v2.2.2;v2.2.3;v2.2.4;v2.2.5;v2.2.6;v2.2.7;v2.2.8;v2.2.9;v2.4.0;v2.4.1;v2.4.10;v2.4.11;v2.4.12;v2.4.13;v2.4.14;v2.4.15;v2.4.16;v2.4.2;v2.4.3;v2.4.4;v2.4.5;v2.4.6;v2.4.7;v2.4.8;v2.4.9;v2.5.0;v2.5.1;v2.6.0;v2.6.1;v2.6.10;v2.6.11;v2.6.12;v2.6.13;v2.6.14;v2.6.15;v2.6.2;v2.6.3;v2.6.4;v2.6.5;v2.6.6;v2.6.7;v2.6.8;v2.6.9;v2.9.0;v3.0.0;v3.0.1;v3.0.10;v3.0.11;v3.0.12;v3.0.13;v3.0.14;v3.0.2;v3.0.3;v3.0.4;v3.0.5;v3.0.6;v3.0.7;v3.0.8;v3.0.9;v3.1.0;v3.1.1;v3.2.0;v3.2.1;v3.2.10;v3.2.11;v3.2.12;v3.2.13;v3.2.14;v3.2.15;v3.2.16;v3.2.17;v3.2.18;v3.2.2;v3.2.3;v3.2.4;v3.2.5;v3.2.6;v3.2.7;v3.2.8;v3.2.9;v3.3.0;v3.3.1;v3.4.0;v3.4.1;v3.4.10;v3.4.11;v3.4.12;v3.4.13;v3.4.14;v3.4.15;v3.4.16;v3.4.2;v3.4.3;v3.4.4;v3.4.5;v3.4.6;v3.4.7;v3.4.8;v3.4.9;v3.5.0;v3.6.0;v3.6.1;v3.6.10;v3.6.11;v3.6.12;v3.6.13;v3.6.14;v3.6.15;v3.6.16;v3.6.17;v3.6.18;v3.6.19;v3.6.2;v3.6.20;v3.6.21;v3.6.22;v3.6.23;v3.6.24;v3.6.3;v3.6.4;v3.6.5;v3.6.6;v3.6.7;v3.6.8;v3.6.9;v3.7.0;v3.7.1;v3.7.2;v4.0.0;v4.0.1;v4.0.10;v4.0.11;v4.0.12;v4.0.13;v4.0.14;v4.0.15;v4.0.16;v4.0.17;v4.0.2;v4.0.3;v4.0.4;v4.0.5;v4.0.6;v4.0.7;v4.0.8;v4.0.9;v4.1.0;v4.2.0;v4.2.1;v4.2.10;v4.2.11;v4.2.12;v4.2.13;v4.2.14;v4.2.2;v4.2.3;v4.2.4;v4.2.5;v4.2.6;v4.2.7;v4.2.8;v4.2.9;v4.3.0;v4.3.1;v4.4.0;v4.4.1;v4.4.10;v4.4.11;v4.4.12;v4.4.13;v4.4.2;v4.4.3;v4.4.4;v4.4.5;v4.4.6;v4.4.7;v4.4.8;v4.4.9;v4.6.0;v4.6.1;v4.6.2;v4.6.3;wireshark-1.10.0;wireshark-1.10.1;wireshark-1.10.10;wireshark-1.10.11;wireshark-1.10.12;wireshark-1.10.13;wireshark-1.10.14;wireshark-1.10.2;wireshark-1.10.3;wireshark-1.10.4;wireshark-1.10.5;wireshark-1.10.6;wireshark-1.10.7;wireshark-1.10.8;wireshark-1.10.9;wireshark-1.11.3;wireshark-1.12.0;wireshark-1.12.1;wireshark-1.12.10;wireshark-1.12.11;wireshark-1.12.12;wireshark-1.12.13;wireshark-1.12.2;wireshark-1.12.3;wireshark-1.12.4;wireshark-1.12.5;wireshark-1.12.6;wireshark-1.12.7;wireshark-1.12.8;wireshark-1.12.9;wireshark-1.2.10;wireshark-1.2.11;wireshark-1.2.12;wireshark-1.2.13;wireshark-1.2.14;wireshark-1.2.15;wireshark-1.2.16;wireshark-1.2.17;wireshark-1.2.18;wireshark-1.2.2;wireshark-1.2.3;wireshark-1.2.4;wireshark-1.2.5;wireshark-1.2.6;wireshark-1.2.7;wireshark-1.2.8;wireshark-1.2.9;wireshark-1.4.0;wireshark-1.4.1;wireshark-1.4.10;wireshark-1.4.11;wireshark-1.4.12;wireshark-1.4.13;wireshark-1.4.14;wireshark-1.4.15;wireshark-1.4.2;wireshark-1.4.3;wireshark-1.4.4;wireshark-1.4.5;wireshark-1.4.6;wireshark-1.4.7;wireshark-1.4.8;wireshark-1.4.9;wireshark-1.6.0;wireshark-1.6.1;wireshark-1.6.10;wireshark-1.6.11;wireshark-1.6.12;wireshark-1.6.13;wireshark-1.6.14;wireshark-1.6.15;wireshark-1.6.16;wireshark-1.6.2;wireshark-1.6.3;wireshark-1.6.4;wireshark-1.6.5;wireshark-1.6.6;wireshark-1.6.7;wireshark-1.6.8;wireshark-1.6.9;wireshark-1.8.0;wireshark-1.8.1;wireshark-1.8.10;wireshark-1.8.11;wireshark-1.8.12;wireshark-1.8.13;wireshark-1.8.14;wireshark-1.8.15;wireshark-1.8.2;wireshark-1.8.3;wireshark-1.8.4;wireshark-1.8.5;wireshark-1.8.6;wireshark-1.8.7;wireshark-1.8.8;wireshark-1.8.9;wireshark-1.99.0;wireshark-1.99.1;wireshark-1.99.2;wireshark-1.99.3;wireshark-1.99.4;wireshark-1.99.5;wireshark-1.99.6;wireshark-1.99.7;wireshark-1.99.8;wireshark-1.99.9;wireshark-2.0.0;wireshark-2.0.1;wireshark-2.0.10;wireshark-2.0.11;wireshark-2.0.12;wireshark-2.0.13;wireshark-2.0.14;wireshark-2.0.15;wireshark-2.0.16;wireshark-2.0.2;wireshark-2.0.3;wireshark-2.0.4;wireshark-2.0.5;wireshark-2.0.6;wireshark-2.0.7;wireshark-2.0.8;wireshark-2.0.9;wireshark-2.1.0;wireshark-2.1.1;wireshark-2.2.0;wireshark-2.2.1;wireshark-2.2.10;wireshark-2.2.11;wireshark-2.2.12;wireshark-2.2.13;wireshark-2.2.14;wireshark-2.2.15;wireshark-2.2.16;wireshark-2.2.17;wireshark-2.2.2;wireshark-2.2.3;wireshark-2.2.4;wireshark-2.2.5;wireshark-2.2.6;wireshark-2.2.7;wireshark-2.2.8;wireshark-2.2.9;wireshark-2.4.0;wireshark-2.4.1;wireshark-2.4.10;wireshark-2.4.11;wireshark-2.4.12;wireshark-2.4.13;wireshark-2.4.14;wireshark-2.4.15;wireshark-2.4.16;wireshark-2.4.2;wireshark-2.4.3;wireshark-2.4.4;wireshark-2.4.5;wireshark-2.4.6;wireshark-2.4.7;wireshark-2.4.8;wireshark-2.4.9;wireshark-2.5.0;wireshark-2.6.0;wireshark-2.6.1;wireshark-2.6.10;wireshark-2.6.11;wireshark-2.6.12;wireshark-2.6.13;wireshark-2.6.14;wireshark-2.6.15;wireshark-2.6.2;wireshark-2.6.3;wireshark-2.6.4;wireshark-2.6.5;wireshark-2.6.6;wireshark-2.6.7;wireshark-2.6.8;wireshark-2.6.9;wireshark-3.0.0;wireshark-3.0.1;wireshark-3.0.10;wireshark-3.0.11;wireshark-3.0.12;wireshark-3.0.13;wireshark-3.0.14;wireshark-3.0.2;wireshark-3.0.3;wireshark-3.0.4;wireshark-3.0.5;wireshark-3.0.6;wireshark-3.0.7;wireshark-3.0.8;wireshark-3.0.9;wireshark-3.2.0;wireshark-3.2.1;wireshark-3.2.10;wireshark-3.2.11;wireshark-3.2.12;wireshark-3.2.13;wireshark-3.2.14;wireshark-3.2.15;wireshark-3.2.16;wireshark-3.2.17;wireshark-3.2.18;wireshark-3.2.2;wireshark-3.2.3;wireshark-3.2.4;wireshark-3.2.5;wireshark-3.2.6;wireshark-3.2.7;wireshark-3.2.8;wireshark-3.2.9;wireshark-3.4.0;wireshark-3.4.1;wireshark-3.4.10;wireshark-3.4.11;wireshark-3.4.12;wireshark-3.4.13;wireshark-3.4.14;wireshark-3.4.15;wireshark-3.4.16;wireshark-3.4.2;wireshark-3.4.3;wireshark-3.4.4;wireshark-3.4.5;wireshark-3.4.6;wireshark-3.4.7;wireshark-3.4.8;wireshark-3.4.9;wireshark-3.6.0;wireshark-3.6.1;wireshark-3.6.10;wireshark-3.6.11;wireshark-3.6.12;wireshark-3.6.13;wireshark-3.6.14;wireshark-3.6.15;wireshark-3.6.16;wireshark-3.6.17;wireshark-3.6.18;wireshark-3.6.19;wireshark-3.6.2;wireshark-3.6.20;wireshark-3.6.21;wireshark-3.6.22;wireshark-3.6.23;wireshark-3.6.24;wireshark-3.6.3;wireshark-3.6.4;wireshark-3.6.5;wireshark-3.6.6;wireshark-3.6.7;wireshark-3.6.8;wireshark-3.6.9;wireshark-4.0.0;wireshark-4.0.1;wireshark-4.0.10;wireshark-4.0.11;wireshark-4.0.12;wireshark-4.0.13;wireshark-4.0.14;wireshark-4.0.15;wireshark-4.0.16;wireshark-4.0.17;wireshark-4.0.2;wireshark-4.0.3;wireshark-4.0.4;wireshark-4.0.5;wireshark-4.0.6;wireshark-4.0.7;wireshark-4.0.8;wireshark-4.0.9;wireshark-4.2.0;wireshark-4.2.1;wireshark-4.2.10;wireshark-4.2.11;wireshark-4.2.12;wireshark-4.2.13;wireshark-4.2.2;wireshark-4.2.3;wireshark-4.2.4;wireshark-4.2.5;wireshark-4.2.6;wireshark-4.2.7;wireshark-4.2.8;wireshark-4.2.9;wireshark-4.4.0;wireshark-4.4.1;wireshark-4.4.2;wireshark-4.4.3;wireshark-4.4.4;wireshark-4.4.5;wireshark-4.4.6;wireshark-4.4.7;wireshark-4.4.8;wireshark-4.4.9
CVE-2020-13164,wireshark,True,3,2,legacy_raw_candidate,unknown,strong_only,fenced_json,True,success,354b4b74d08fbafe23c7929f1f68eb4c84df4e2f,0.5694444444444444,1.0,0.7256637168141593,False,0.5694444444444444,1.0,0.7256637168141593,False,0.6027874564459931,0.9376693766937669,0.7338282078472959,False,0.3697394789579158,1.0,0.5398683247988295,False,0.381057268722467,0.9376693766937669,0.5418950665622553,False,c38eb2f027ace5a85007fb67084d2fa927467540,release_line_overreach,629,562,629,350,39,0,v1.10.0;v1.10.1;v1.10.10;v1.10.11;v1.10.12;v1.10.13;v1.10.14;v1.10.2;v1.10.3;v1.10.4;v1.10.5;v1.10.6;v1.10.7;v1.10.8;v1.10.9;v1.11.0;v1.11.1;v1.11.2;v1.11.3;v1.12.0;v1.12.1;v1.12.10;v1.12.11;v1.12.12;v1.12.13;v1.12.2;v1.12.3;v1.12.4;v1.12.5;v1.12.6;v1.12.7;v1.12.8;v1.12.9;v1.8.0;v1.8.1;v1.8.10;v1.8.11;v1.8.12;v1.8.13;v1.8.14;v1.8.15;v1.8.2;v1.8.3;v1.8.4;v1.8.5;v1.8.6;v1.8.7;v1.8.8;v1.8.9;v1.99.0;v1.99.1;v1.99.2;v1.99.3;v1.99.4;v1.99.5;v1.99.6;v1.99.7;v1.99.8;v1.99.9;v2.0.0;v2.0.1;v2.0.10;v2.0.11;v2.0.12;v2.0.13;v2.0.14;v2.0.15;v2.0.16;v2.0.2;v2.0.3;v2.0.4;v2.0.5;v2.0.6;v2.0.7;v2.0.8;v2.0.9;v2.1.0;v2.1.1;v2.2.0;v2.2.1;v2.2.10;v2.2.11;v2.2.12;v2.2.13;v2.2.14;v2.2.15;v2.2.16;v2.2.17;v2.2.2;v2.2.3;v2.2.4;v2.2.5;v2.2.6;v2.2.7;v2.2.8;v2.2.9;v2.4.0;v2.4.1;v2.4.10;v2.4.11;v2.4.12;v2.4.13;v2.4.14;v2.4.15;v2.4.16;v2.4.2;v2.4.3;v2.4.4;v2.4.5;v2.4.6;v2.4.7;v2.4.8;v2.4.9;v2.5.0;v2.5.1;v2.6.0;v2.6.1;v2.6.10;v2.6.11;v2.6.12;v2.6.13;v2.6.14;v2.6.15;v2.6.16;v2.6.2;v2.6.3;v2.6.4;v2.6.5;v2.6.6;v2.6.7;v2.6.8;v2.6.9;v2.9.0;v3.0.0;v3.0.1;v3.0.10;v3.0.2;v3.0.3;v3.0.4;v3.0.5;v3.0.6;v3.0.7;v3.0.8;v3.0.9;v3.1.0;v3.1.1;v3.2.0;v3.2.1;v3.2.2;v3.2.3;wireshark-0.99.2;wireshark-0.99.3;wireshark-0.99.4;wireshark-0.99.5;wireshark-0.99.6;wireshark-0.99.7;wireshark-0.99.8;wireshark-1.0.0;wireshark-1.0.1;wireshark-1.0.10;wireshark-1.0.11;wireshark-1.0.12;wireshark-1.0.13;wireshark-1.0.14;wireshark-1.0.15;wireshark-1.0.16;wireshark-1.0.2;wireshark-1.0.3;wireshark-1.0.4;wireshark-1.0.5;wireshark-1.0.6;wireshark-1.0.7;wireshark-1.0.8;wireshark-1.0.9;wireshark-1.10.0;wireshark-1.10.1;wireshark-1.10.10;wireshark-1.10.11;wireshark-1.10.12;wireshark-1.10.13;wireshark-1.10.14;wireshark-1.10.2;wireshark-1.10.3;wireshark-1.10.4;wireshark-1.10.5;wireshark-1.10.6;wireshark-1.10.7;wireshark-1.10.8;wireshark-1.10.9;wireshark-1.11.3;wireshark-1.12.0;wireshark-1.12.1;wireshark-1.12.10;wireshark-1.12.11;wireshark-1.12.12;wireshark-1.12.13;wireshark-1.12.2;wireshark-1.12.3;wireshark-1.12.4;wireshark-1.12.5;wireshark-1.12.6;wireshark-1.12.7;wireshark-1.12.8;wireshark-1.12.9;wireshark-1.2.0;wireshark-1.2.1;wireshark-1.2.10;wireshark-1.2.11;wireshark-1.2.12;wireshark-1.2.13;wireshark-1.2.14;wireshark-1.2.15;wireshark-1.2.16;wireshark-1.2.17;wireshark-1.2.18;wireshark-1.2.2;wireshark-1.2.3;wireshark-1.2.4;wireshark-1.2.5;wireshark-1.2.6;wireshark-1.2.7;wireshark-1.2.8;wireshark-1.2.9;wireshark-1.4.0;wireshark-1.4.1;wireshark-1.4.10;wireshark-1.4.11;wireshark-1.4.12;wireshark-1.4.13;wireshark-1.4.14;wireshark-1.4.15;wireshark-1.4.2;wireshark-1.4.3;wireshark-1.4.4;wireshark-1.4.5;wireshark-1.4.6;wireshark-1.4.7;wireshark-1.4.8;wireshark-1.4.9;wireshark-1.6.0;wireshark-1.6.1;wireshark-1.6.10;wireshark-1.6.11;wireshark-1.6.12;wireshark-1.6.13;wireshark-1.6.14;wireshark-1.6.15;wireshark-1.6.16;wireshark-1.6.2;wireshark-1.6.3;wireshark-1.6.4;wireshark-1.6.5;wireshark-1.6.6;wireshark-1.6.7;wireshark-1.6.8;wireshark-1.6.9;wireshark-1.8.0;wireshark-1.8.1;wireshark-1.8.10;wireshark-1.8.11;wireshark-1.8.12;wireshark-1.8.13;wireshark-1.8.14;wireshark-1.8.15;wireshark-1.8.2;wireshark-1.8.3;wireshark-1.8.4;wireshark-1.8.5;wireshark-1.8.6;wireshark-1.8.7;wireshark-1.8.8;wireshark-1.8.9;wireshark-1.99.0;wireshark-1.99.1;wireshark-1.99.2;wireshark-1.99.3;wireshark-1.99.4;wireshark-1.99.5;wireshark-1.99.6;wireshark-1.99.7;wireshark-1.99.8;wireshark-1.99.9;wireshark-2.0.0;wireshark-2.0.1;wireshark-2.0.10;wireshark-2.0.11;wireshark-2.0.12;wireshark-2.0.13;wireshark-2.0.14;wireshark-2.0.15;wireshark-2.0.16;wireshark-2.0.2;wireshark-2.0.3;wireshark-2.0.4;wireshark-2.0.5;wireshark-2.0.6;wireshark-2.0.7;wireshark-2.0.8;wireshark-2.0.9;wireshark-2.1.0;wireshark-2.1.1;wireshark-2.2.0;wireshark-2.2.1;wireshark-2.2.10;wireshark-2.2.11;wireshark-2.2.12;wireshark-2.2.13;wireshark-2.2.14;wireshark-2.2.15;wireshark-2.2.16;wireshark-2.2.17;wireshark-2.2.2;wireshark-2.2.3;wireshark-2.2.4;wireshark-2.2.5;wireshark-2.2.6;wireshark-2.2.7;wireshark-2.2.8;wireshark-2.2.9;wireshark-2.4.0;wireshark-2.4.1;wireshark-2.4.10;wireshark-2.4.11;wireshark-2.4.12;wireshark-2.4.13;wireshark-2.4.14;wireshark-2.4.15;wireshark-2.4.16;wireshark-2.4.2;wireshark-2.4.3;wireshark-2.4.4;wireshark-2.4.5;wireshark-2.4.6;wireshark-2.4.7;wireshark-2.4.8;wireshark-2.4.9;wireshark-2.5.0;wireshark-2.6.0;wireshark-2.6.1;wireshark-2.6.10;wireshark-2.6.11;wireshark-2.6.12;wireshark-2.6.13;wireshark-2.6.14;wireshark-2.6.15;wireshark-2.6.16;wireshark-2.6.2;wireshark-2.6.3;wireshark-2.6.4;wireshark-2.6.5;wireshark-2.6.6;wireshark-2.6.7;wireshark-2.6.8;wireshark-2.6.9;wireshark-3.0.0;wireshark-3.0.1;wireshark-3.0.10;wireshark-3.0.2;wireshark-3.0.3;wireshark-3.0.4;wireshark-3.0.5;wireshark-3.0.6;wireshark-3.0.7;wireshark-3.0.8;wireshark-3.0.9;wireshark-3.2.0;wireshark-3.2.1;wireshark-3.2.2;wireshark-3.2.3,ethereal-0.10.0;ethereal-0.10.0a;ethereal-0.10.1;ethereal-0.10.10;ethereal-0.10.11;ethereal-0.10.12;ethereal-0.10.13;ethereal-0.10.14;ethereal-0.10.2;ethereal-0.10.3;ethereal-0.10.4;ethereal-0.10.5;ethereal-0.10.6;ethereal-0.10.7;ethereal-0.10.8;ethereal-0.10.9;ethereal-0.9.1;ethereal-0.9.10;ethereal-0.9.11;ethereal-0.9.12;ethereal-0.9.13;ethereal-0.9.13a;ethereal-0.9.14;ethereal-0.9.15;ethereal-0.9.16;ethereal-0.9.2;ethereal-0.9.4;ethereal-0.9.5;ethereal-0.9.6;ethereal-0.9.7;ethereal-0.9.8;ethereal-0.9.9;ethereal-0.99.0;release-0-10-0;release-0-10-0a;release-0-9-1;release-0-9-10;release-0-9-11;release-0-9-12;release-0-9-13;release-0-9-13a;release-0-9-14;release-0-9-15;release-0-9-16;release-0-9-2;release-0-9-4;release-0-9-5;release-0-9-6;release-0-9-7;release-0-9-8;release-0-9-9;ssv0.9.0;ssv0.9.1;ssv0.9.2;ssv0.9.3;v1.10.0;v1.10.1;v1.10.10;v1.10.11;v1.10.12;v1.10.13;v1.10.14;v1.10.2;v1.10.3;v1.10.4;v1.10.5;v1.10.6;v1.10.7;v1.10.8;v1.10.9;v1.11.0;v1.11.1;v1.11.2;v1.11.3;v1.12.0;v1.12.1;v1.12.10;v1.12.11;v1.12.12;v1.12.13;v1.12.2;v1.12.3;v1.12.4;v1.12.5;v1.12.6;v1.12.7;v1.12.8;v1.12.9;v1.8.0;v1.8.1;v1.8.10;v1.8.11;v1.8.12;v1.8.13;v1.8.14;v1.8.15;v1.8.2;v1.8.3;v1.8.4;v1.8.5;v1.8.6;v1.8.7;v1.8.8;v1.8.9;v1.99.0;v1.99.1;v1.99.2;v1.99.3;v1.99.4;v1.99.5;v1.99.6;v1.99.7;v1.99.8;v1.99.9;v2.0.0;v2.0.1;v2.0.10;v2.0.11;v2.0.12;v2.0.13;v2.0.14;v2.0.15;v2.0.16;v2.0.2;v2.0.3;v2.0.4;v2.0.5;v2.0.6;v2.0.7;v2.0.8;v2.0.9;v2.1.0;v2.1.1;v2.2.0;v2.2.1;v2.2.10;v2.2.11;v2.2.12;v2.2.13;v2.2.14;v2.2.15;v2.2.16;v2.2.17;v2.2.2;v2.2.3;v2.2.4;v2.2.5;v2.2.6;v2.2.7;v2.2.8;v2.2.9;v2.4.0;v2.4.1;v2.4.10;v2.4.11;v2.4.12;v2.4.13;v2.4.14;v2.4.15;v2.4.16;v2.4.2;v2.4.3;v2.4.4;v2.4.5;v2.4.6;v2.4.7;v2.4.8;v2.4.9;v2.5.0;v2.5.1;v2.6.0;v2.6.1;v2.6.10;v2.6.11;v2.6.12;v2.6.13;v2.6.14;v2.6.15;v2.6.16;v2.6.2;v2.6.3;v2.6.4;v2.6.5;v2.6.6;v2.6.7;v2.6.8;v2.6.9;v2.9.0;v3.0.0;v3.0.1;v3.0.10;v3.0.11;v3.0.12;v3.0.13;v3.0.14;v3.0.2;v3.0.3;v3.0.4;v3.0.5;v3.0.6;v3.0.7;v3.0.8;v3.0.9;v3.1.0;v3.1.1;v3.2.0;v3.2.1;v3.2.10;v3.2.11;v3.2.12;v3.2.13;v3.2.14;v3.2.15;v3.2.16;v3.2.17;v3.2.18;v3.2.2;v3.2.3;v3.2.4;v3.2.5;v3.2.6;v3.2.7;v3.2.8;v3.2.9;v3.3.0;v3.3.1;v3.4.0;v3.4.1;v3.4.10;v3.4.11;v3.4.12;v3.4.13;v3.4.14;v3.4.15;v3.4.16;v3.4.2;v3.4.3;v3.4.4;v3.4.5;v3.4.6;v3.4.7;v3.4.8;v3.4.9;v3.5.0;v3.6.0;v3.6.1;v3.6.10;v3.6.11;v3.6.12;v3.6.13;v3.6.14;v3.6.15;v3.6.16;v3.6.17;v3.6.18;v3.6.19;v3.6.2;v3.6.20;v3.6.21;v3.6.22;v3.6.23;v3.6.24;v3.6.3;v3.6.4;v3.6.5;v3.6.6;v3.6.7;v3.6.8;v3.6.9;v3.7.0;v3.7.1;v3.7.2;v4.0.0;v4.0.1;v4.0.10;v4.0.11;v4.0.12;v4.0.13;v4.0.14;v4.0.15;v4.0.16;v4.0.17;v4.0.2;v4.0.3;v4.0.4;v4.0.5;v4.0.6;v4.0.7;v4.0.8;v4.0.9;v4.1.0;v4.2.0;v4.2.1;v4.2.10;v4.2.11;v4.2.12;v4.2.13;v4.2.14;v4.2.2;v4.2.3;v4.2.4;v4.2.5;v4.2.6;v4.2.7;v4.2.8;v4.2.9;v4.3.0;v4.3.1;v4.4.0;v4.4.1;v4.4.10;v4.4.11;v4.4.12;v4.4.13;v4.4.2;v4.4.3;v4.4.4;v4.4.5;v4.4.6;v4.4.7;v4.4.8;v4.4.9;v4.6.0;v4.6.1;v4.6.2;v4.6.3;wireshark-0.99.2;wireshark-0.99.3;wireshark-0.99.4;wireshark-0.99.5;wireshark-0.99.6;wireshark-0.99.7;wireshark-0.99.8;wireshark-1.0.0;wireshark-1.0.1;wireshark-1.0.10;wireshark-1.0.11;wireshark-1.0.12;wireshark-1.0.13;wireshark-1.0.14;wireshark-1.0.15;wireshark-1.0.16;wireshark-1.0.2;wireshark-1.0.3;wireshark-1.0.4;wireshark-1.0.5;wireshark-1.0.6;wireshark-1.0.7;wireshark-1.0.8;wireshark-1.0.9;wireshark-1.10.0;wireshark-1.10.1;wireshark-1.10.10;wireshark-1.10.11;wireshark-1.10.12;wireshark-1.10.13;wireshark-1.10.14;wireshark-1.10.2;wireshark-1.10.3;wireshark-1.10.4;wireshark-1.10.5;wireshark-1.10.6;wireshark-1.10.7;wireshark-1.10.8;wireshark-1.10.9;wireshark-1.11.3;wireshark-1.12.0;wireshark-1.12.1;wireshark-1.12.10;wireshark-1.12.11;wireshark-1.12.12;wireshark-1.12.13;wireshark-1.12.2;wireshark-1.12.3;wireshark-1.12.4;wireshark-1.12.5;wireshark-1.12.6;wireshark-1.12.7;wireshark-1.12.8;wireshark-1.12.9;wireshark-1.2.0;wireshark-1.2.1;wireshark-1.2.10;wireshark-1.2.11;wireshark-1.2.12;wireshark-1.2.13;wireshark-1.2.14;wireshark-1.2.15;wireshark-1.2.16;wireshark-1.2.17;wireshark-1.2.18;wireshark-1.2.2;wireshark-1.2.3;wireshark-1.2.4;wireshark-1.2.5;wireshark-1.2.6;wireshark-1.2.7;wireshark-1.2.8;wireshark-1.2.9;wireshark-1.4.0;wireshark-1.4.1;wireshark-1.4.10;wireshark-1.4.11;wireshark-1.4.12;wireshark-1.4.13;wireshark-1.4.14;wireshark-1.4.15;wireshark-1.4.2;wireshark-1.4.3;wireshark-1.4.4;wireshark-1.4.5;wireshark-1.4.6;wireshark-1.4.7;wireshark-1.4.8;wireshark-1.4.9;wireshark-1.6.0;wireshark-1.6.1;wireshark-1.6.10;wireshark-1.6.11;wireshark-1.6.12;wireshark-1.6.13;wireshark-1.6.14;wireshark-1.6.15;wireshark-1.6.16;wireshark-1.6.2;wireshark-1.6.3;wireshark-1.6.4;wireshark-1.6.5;wireshark-1.6.6;wireshark-1.6.7;wireshark-1.6.8;wireshark-1.6.9;wireshark-1.8.0;wireshark-1.8.1;wireshark-1.8.10;wireshark-1.8.11;wireshark-1.8.12;wireshark-1.8.13;wireshark-1.8.14;wireshark-1.8.15;wireshark-1.8.2;wireshark-1.8.3;wireshark-1.8.4;wireshark-1.8.5;wireshark-1.8.6;wireshark-1.8.7;wireshark-1.8.8;wireshark-1.8.9;wireshark-1.99.0;wireshark-1.99.1;wireshark-1.99.2;wireshark-1.99.3;wireshark-1.99.4;wireshark-1.99.5;wireshark-1.99.6;wireshark-1.99.7;wireshark-1.99.8;wireshark-1.99.9;wireshark-2.0.0;wireshark-2.0.1;wireshark-2.0.10;wireshark-2.0.11;wireshark-2.0.12;wireshark-2.0.13;wireshark-2.0.14;wireshark-2.0.15;wireshark-2.0.16;wireshark-2.0.2;wireshark-2.0.3;wireshark-2.0.4;wireshark-2.0.5;wireshark-2.0.6;wireshark-2.0.7;wireshark-2.0.8;wireshark-2.0.9;wireshark-2.1.0;wireshark-2.1.1;wireshark-2.2.0;wireshark-2.2.1;wireshark-2.2.10;wireshark-2.2.11;wireshark-2.2.12;wireshark-2.2.13;wireshark-2.2.14;wireshark-2.2.15;wireshark-2.2.16;wireshark-2.2.17;wireshark-2.2.2;wireshark-2.2.3;wireshark-2.2.4;wireshark-2.2.5;wireshark-2.2.6;wireshark-2.2.7;wireshark-2.2.8;wireshark-2.2.9;wireshark-2.4.0;wireshark-2.4.1;wireshark-2.4.10;wireshark-2.4.11;wireshark-2.4.12;wireshark-2.4.13;wireshark-2.4.14;wireshark-2.4.15;wireshark-2.4.16;wireshark-2.4.2;wireshark-2.4.3;wireshark-2.4.4;wireshark-2.4.5;wireshark-2.4.6;wireshark-2.4.7;wireshark-2.4.8;wireshark-2.4.9;wireshark-2.5.0;wireshark-2.6.0;wireshark-2.6.1;wireshark-2.6.10;wireshark-2.6.11;wireshark-2.6.12;wireshark-2.6.13;wireshark-2.6.14;wireshark-2.6.15;wireshark-2.6.16;wireshark-2.6.2;wireshark-2.6.3;wireshark-2.6.4;wireshark-2.6.5;wireshark-2.6.6;wireshark-2.6.7;wireshark-2.6.8;wireshark-2.6.9;wireshark-3.0.0;wireshark-3.0.1;wireshark-3.0.10;wireshark-3.0.11;wireshark-3.0.12;wireshark-3.0.13;wireshark-3.0.14;wireshark-3.0.2;wireshark-3.0.3;wireshark-3.0.4;wireshark-3.0.5;wireshark-3.0.6;wireshark-3.0.7;wireshark-3.0.8;wireshark-3.0.9;wireshark-3.2.0;wireshark-3.2.1;wireshark-3.2.10;wireshark-3.2.11;wireshark-3.2.12;wireshark-3.2.13;wireshark-3.2.14;wireshark-3.2.15;wireshark-3.2.16;wireshark-3.2.17;wireshark-3.2.18;wireshark-3.2.2;wireshark-3.2.3;wireshark-3.2.4;wireshark-3.2.5;wireshark-3.2.6;wireshark-3.2.7;wireshark-3.2.8;wireshark-3.2.9;wireshark-3.4.0;wireshark-3.4.1;wireshark-3.4.10;wireshark-3.4.11;wireshark-3.4.12;wireshark-3.4.13;wireshark-3.4.14;wireshark-3.4.15;wireshark-3.4.16;wireshark-3.4.2;wireshark-3.4.3;wireshark-3.4.4;wireshark-3.4.5;wireshark-3.4.6;wireshark-3.4.7;wireshark-3.4.8;wireshark-3.4.9;wireshark-3.6.0;wireshark-3.6.1;wireshark-3.6.10;wireshark-3.6.11;wireshark-3.6.12;wireshark-3.6.13;wireshark-3.6.14;wireshark-3.6.15;wireshark-3.6.16;wireshark-3.6.17;wireshark-3.6.18;wireshark-3.6.19;wireshark-3.6.2;wireshark-3.6.20;wireshark-3.6.21;wireshark-3.6.22;wireshark-3.6.23;wireshark-3.6.24;wireshark-3.6.3;wireshark-3.6.4;wireshark-3.6.5;wireshark-3.6.6;wireshark-3.6.7;wireshark-3.6.8;wireshark-3.6.9;wireshark-4.0.0;wireshark-4.0.1;wireshark-4.0.10;wireshark-4.0.11;wireshark-4.0.12;wireshark-4.0.13;wireshark-4.0.14;wireshark-4.0.15;wireshark-4.0.16;wireshark-4.0.17;wireshark-4.0.2;wireshark-4.0.3;wireshark-4.0.4;wireshark-4.0.5;wireshark-4.0.6;wireshark-4.0.7;wireshark-4.0.8;wireshark-4.0.9;wireshark-4.2.0;wireshark-4.2.1;wireshark-4.2.10;wireshark-4.2.11;wireshark-4.2.12;wireshark-4.2.13;wireshark-4.2.2;wireshark-4.2.3;wireshark-4.2.4;wireshark-4.2.5;wireshark-4.2.6;wireshark-4.2.7;wireshark-4.2.8;wireshark-4.2.9;wireshark-4.4.0;wireshark-4.4.1;wireshark-4.4.2;wireshark-4.4.3;wireshark-4.4.4;wireshark-4.4.5;wireshark-4.4.6;wireshark-4.4.7;wireshark-4.4.8;wireshark-4.4.9,ethereal-0.10.0;ethereal-0.10.0a;ethereal-0.10.1;ethereal-0.10.10;ethereal-0.10.11;ethereal-0.10.12;ethereal-0.10.13;ethereal-0.10.14;ethereal-0.10.2;ethereal-0.10.3;ethereal-0.10.4;ethereal-0.10.5;ethereal-0.10.6;ethereal-0.10.7;ethereal-0.10.8;ethereal-0.10.9;ethereal-0.9.1;ethereal-0.9.10;ethereal-0.9.11;ethereal-0.9.12;ethereal-0.9.13;ethereal-0.9.13a;ethereal-0.9.14;ethereal-0.9.15;ethereal-0.9.16;ethereal-0.9.2;ethereal-0.9.4;ethereal-0.9.5;ethereal-0.9.6;ethereal-0.9.7;ethereal-0.9.8;ethereal-0.9.9;ethereal-0.99.0;release-0-10-0;release-0-10-0a;release-0-9-1;release-0-9-10;release-0-9-11;release-0-9-12;release-0-9-13;release-0-9-13a;release-0-9-14;release-0-9-15;release-0-9-16;release-0-9-2;release-0-9-4;release-0-9-5;release-0-9-6;release-0-9-7;release-0-9-8;release-0-9-9;ssv0.9.0;ssv0.9.1;ssv0.9.2;ssv0.9.3;v1.10.0;v1.10.1;v1.10.10;v1.10.11;v1.10.12;v1.10.13;v1.10.14;v1.10.2;v1.10.3;v1.10.4;v1.10.5;v1.10.6;v1.10.7;v1.10.8;v1.10.9;v1.11.0;v1.11.1;v1.11.2;v1.11.3;v1.12.0;v1.12.1;v1.12.10;v1.12.11;v1.12.12;v1.12.13;v1.12.2;v1.12.3;v1.12.4;v1.12.5;v1.12.6;v1.12.7;v1.12.8;v1.12.9;v1.8.0;v1.8.1;v1.8.10;v1.8.11;v1.8.12;v1.8.13;v1.8.14;v1.8.15;v1.8.2;v1.8.3;v1.8.4;v1.8.5;v1.8.6;v1.8.7;v1.8.8;v1.8.9;v1.99.0;v1.99.1;v1.99.2;v1.99.3;v1.99.4;v1.99.5;v1.99.6;v1.99.7;v1.99.8;v1.99.9;v2.0.0;v2.0.1;v2.0.10;v2.0.11;v2.0.12;v2.0.13;v2.0.14;v2.0.15;v2.0.16;v2.0.2;v2.0.3;v2.0.4;v2.0.5;v2.0.6;v2.0.7;v2.0.8;v2.0.9;v2.1.0;v2.1.1;v2.2.0;v2.2.1;v2.2.10;v2.2.11;v2.2.12;v2.2.13;v2.2.14;v2.2.15;v2.2.16;v2.2.17;v2.2.2;v2.2.3;v2.2.4;v2.2.5;v2.2.6;v2.2.7;v2.2.8;v2.2.9;v2.4.0;v2.4.1;v2.4.10;v2.4.11;v2.4.12;v2.4.13;v2.4.14;v2.4.15;v2.4.16;v2.4.2;v2.4.3;v2.4.4;v2.4.5;v2.4.6;v2.4.7;v2.4.8;v2.4.9;v2.5.0;v2.5.1;v2.6.0;v2.6.1;v2.6.10;v2.6.11;v2.6.12;v2.6.13;v2.6.14;v2.6.15;v2.6.16;v2.6.2;v2.6.3;v2.6.4;v2.6.5;v2.6.6;v2.6.7;v2.6.8;v2.6.9;v2.9.0;v3.0.0;v3.0.1;v3.0.10;v3.0.11;v3.0.12;v3.0.13;v3.0.14;v3.0.2;v3.0.3;v3.0.4;v3.0.5;v3.0.6;v3.0.7;v3.0.8;v3.0.9;v3.1.0;v3.1.1;v3.2.0;v3.2.1;v3.2.10;v3.2.11;v3.2.12;v3.2.13;v3.2.14;v3.2.15;v3.2.16;v3.2.17;v3.2.18;v3.2.2;v3.2.3;v3.2.4;v3.2.5;v3.2.6;v3.2.7;v3.2.8;v3.2.9;v3.3.0;v3.3.1;v3.4.0;v3.4.1;v3.4.10;v3.4.11;v3.4.12;v3.4.13;v3.4.14;v3.4.15;v3.4.16;v3.4.2;v3.4.3;v3.4.4;v3.4.5;v3.4.6;v3.4.7;v3.4.8;v3.4.9;v3.5.0;v3.6.0;v3.6.1;v3.6.10;v3.6.11;v3.6.12;v3.6.13;v3.6.14;v3.6.15;v3.6.16;v3.6.17;v3.6.18;v3.6.19;v3.6.2;v3.6.20;v3.6.21;v3.6.22;v3.6.23;v3.6.24;v3.6.3;v3.6.4;v3.6.5;v3.6.6;v3.6.7;v3.6.8;v3.6.9;v3.7.0;v3.7.1;v3.7.2;v4.0.0;v4.0.1;v4.0.10;v4.0.11;v4.0.12;v4.0.13;v4.0.14;v4.0.15;v4.0.16;v4.0.17;v4.0.2;v4.0.3;v4.0.4;v4.0.5;v4.0.6;v4.0.7;v4.0.8;v4.0.9;v4.1.0;v4.2.0;v4.2.1;v4.2.10;v4.2.11;v4.2.12;v4.2.13;v4.2.14;v4.2.2;v4.2.3;v4.2.4;v4.2.5;v4.2.6;v4.2.7;v4.2.8;v4.2.9;v4.3.0;v4.3.1;v4.4.0;v4.4.1;v4.4.10;v4.4.11;v4.4.12;v4.4.13;v4.4.2;v4.4.3;v4.4.4;v4.4.5;v4.4.6;v4.4.7;v4.4.8;v4.4.9;v4.6.0;v4.6.1;v4.6.2;v4.6.3;wireshark-0.99.2;wireshark-0.99.3;wireshark-0.99.4;wireshark-0.99.5;wireshark-0.99.6;wireshark-0.99.7;wireshark-0.99.8;wireshark-1.0.0;wireshark-1.0.1;wireshark-1.0.10;wireshark-1.0.11;wireshark-1.0.12;wireshark-1.0.13;wireshark-1.0.14;wireshark-1.0.15;wireshark-1.0.16;wireshark-1.0.2;wireshark-1.0.3;wireshark-1.0.4;wireshark-1.0.5;wireshark-1.0.6;wireshark-1.0.7;wireshark-1.0.8;wireshark-1.0.9;wireshark-1.10.0;wireshark-1.10.1;wireshark-1.10.10;wireshark-1.10.11;wireshark-1.10.12;wireshark-1.10.13;wireshark-1.10.14;wireshark-1.10.2;wireshark-1.10.3;wireshark-1.10.4;wireshark-1.10.5;wireshark-1.10.6;wireshark-1.10.7;wireshark-1.10.8;wireshark-1.10.9;wireshark-1.11.3;wireshark-1.12.0;wireshark-1.12.1;wireshark-1.12.10;wireshark-1.12.11;wireshark-1.12.12;wireshark-1.12.13;wireshark-1.12.2;wireshark-1.12.3;wireshark-1.12.4;wireshark-1.12.5;wireshark-1.12.6;wireshark-1.12.7;wireshark-1.12.8;wireshark-1.12.9;wireshark-1.2.0;wireshark-1.2.1;wireshark-1.2.10;wireshark-1.2.11;wireshark-1.2.12;wireshark-1.2.13;wireshark-1.2.14;wireshark-1.2.15;wireshark-1.2.16;wireshark-1.2.17;wireshark-1.2.18;wireshark-1.2.2;wireshark-1.2.3;wireshark-1.2.4;wireshark-1.2.5;wireshark-1.2.6;wireshark-1.2.7;wireshark-1.2.8;wireshark-1.2.9;wireshark-1.4.0;wireshark-1.4.1;wireshark-1.4.10;wireshark-1.4.11;wireshark-1.4.12;wireshark-1.4.13;wireshark-1.4.14;wireshark-1.4.15;wireshark-1.4.2;wireshark-1.4.3;wireshark-1.4.4;wireshark-1.4.5;wireshark-1.4.6;wireshark-1.4.7;wireshark-1.4.8;wireshark-1.4.9;wireshark-1.6.0;wireshark-1.6.1;wireshark-1.6.10;wireshark-1.6.11;wireshark-1.6.12;wireshark-1.6.13;wireshark-1.6.14;wireshark-1.6.15;wireshark-1.6.16;wireshark-1.6.2;wireshark-1.6.3;wireshark-1.6.4;wireshark-1.6.5;wireshark-1.6.6;wireshark-1.6.7;wireshark-1.6.8;wireshark-1.6.9;wireshark-1.8.0;wireshark-1.8.1;wireshark-1.8.10;wireshark-1.8.11;wireshark-1.8.12;wireshark-1.8.13;wireshark-1.8.14;wireshark-1.8.15;wireshark-1.8.2;wireshark-1.8.3;wireshark-1.8.4;wireshark-1.8.5;wireshark-1.8.6;wireshark-1.8.7;wireshark-1.8.8;wireshark-1.8.9;wireshark-1.99.0;wireshark-1.99.1;wireshark-1.99.2;wireshark-1.99.3;wireshark-1.99.4;wireshark-1.99.5;wireshark-1.99.6;wireshark-1.99.7;wireshark-1.99.8;wireshark-1.99.9;wireshark-2.0.0;wireshark-2.0.1;wireshark-2.0.10;wireshark-2.0.11;wireshark-2.0.12;wireshark-2.0.13;wireshark-2.0.14;wireshark-2.0.15;wireshark-2.0.16;wireshark-2.0.2;wireshark-2.0.3;wireshark-2.0.4;wireshark-2.0.5;wireshark-2.0.6;wireshark-2.0.7;wireshark-2.0.8;wireshark-2.0.9;wireshark-2.1.0;wireshark-2.1.1;wireshark-2.2.0;wireshark-2.2.1;wireshark-2.2.10;wireshark-2.2.11;wireshark-2.2.12;wireshark-2.2.13;wireshark-2.2.14;wireshark-2.2.15;wireshark-2.2.16;wireshark-2.2.17;wireshark-2.2.2;wireshark-2.2.3;wireshark-2.2.4;wireshark-2.2.5;wireshark-2.2.6;wireshark-2.2.7;wireshark-2.2.8;wireshark-2.2.9;wireshark-2.4.0;wireshark-2.4.1;wireshark-2.4.10;wireshark-2.4.11;wireshark-2.4.12;wireshark-2.4.13;wireshark-2.4.14;wireshark-2.4.15;wireshark-2.4.16;wireshark-2.4.2;wireshark-2.4.3;wireshark-2.4.4;wireshark-2.4.5;wireshark-2.4.6;wireshark-2.4.7;wireshark-2.4.8;wireshark-2.4.9;wireshark-2.5.0;wireshark-2.6.0;wireshark-2.6.1;wireshark-2.6.10;wireshark-2.6.11;wireshark-2.6.12;wireshark-2.6.13;wireshark-2.6.14;wireshark-2.6.15;wireshark-2.6.16;wireshark-2.6.2;wireshark-2.6.3;wireshark-2.6.4;wireshark-2.6.5;wireshark-2.6.6;wireshark-2.6.7;wireshark-2.6.8;wireshark-2.6.9;wireshark-3.0.0;wireshark-3.0.1;wireshark-3.0.10;wireshark-3.0.11;wireshark-3.0.12;wireshark-3.0.13;wireshark-3.0.14;wireshark-3.0.2;wireshark-3.0.3;wireshark-3.0.4;wireshark-3.0.5;wireshark-3.0.6;wireshark-3.0.7;wireshark-3.0.8;wireshark-3.0.9;wireshark-3.2.0;wireshark-3.2.1;wireshark-3.2.10;wireshark-3.2.11;wireshark-3.2.12;wireshark-3.2.13;wireshark-3.2.14;wireshark-3.2.15;wireshark-3.2.16;wireshark-3.2.17;wireshark-3.2.18;wireshark-3.2.2;wireshark-3.2.3;wireshark-3.2.4;wireshark-3.2.5;wireshark-3.2.6;wireshark-3.2.7;wireshark-3.2.8;wireshark-3.2.9;wireshark-3.4.0;wireshark-3.4.1;wireshark-3.4.10;wireshark-3.4.11;wireshark-3.4.12;wireshark-3.4.13;wireshark-3.4.14;wireshark-3.4.15;wireshark-3.4.16;wireshark-3.4.2;wireshark-3.4.3;wireshark-3.4.4;wireshark-3.4.5;wireshark-3.4.6;wireshark-3.4.7;wireshark-3.4.8;wireshark-3.4.9;wireshark-3.6.0;wireshark-3.6.1;wireshark-3.6.10;wireshark-3.6.11;wireshark-3.6.12;wireshark-3.6.13;wireshark-3.6.14;wireshark-3.6.15;wireshark-3.6.16;wireshark-3.6.17;wireshark-3.6.18;wireshark-3.6.19;wireshark-3.6.2;wireshark-3.6.20;wireshark-3.6.21;wireshark-3.6.22;wireshark-3.6.23;wireshark-3.6.24;wireshark-3.6.3;wireshark-3.6.4;wireshark-3.6.5;wireshark-3.6.6;wireshark-3.6.7;wireshark-3.6.8;wireshark-3.6.9;wireshark-4.0.0;wireshark-4.0.1;wireshark-4.0.10;wireshark-4.0.11;wireshark-4.0.12;wireshark-4.0.13;wireshark-4.0.14;wireshark-4.0.15;wireshark-4.0.16;wireshark-4.0.17;wireshark-4.0.2;wireshark-4.0.3;wireshark-4.0.4;wireshark-4.0.5;wireshark-4.0.6;wireshark-4.0.7;wireshark-4.0.8;wireshark-4.0.9;wireshark-4.2.0;wireshark-4.2.1;wireshark-4.2.10;wireshark-4.2.11;wireshark-4.2.12;wireshark-4.2.13;wireshark-4.2.2;wireshark-4.2.3;wireshark-4.2.4;wireshark-4.2.5;wireshark-4.2.6;wireshark-4.2.7;wireshark-4.2.8;wireshark-4.2.9;wireshark-4.4.0;wireshark-4.4.1;wireshark-4.4.2;wireshark-4.4.3;wireshark-4.4.4;wireshark-4.4.5;wireshark-4.4.6;wireshark-4.4.7;wireshark-4.4.8;wireshark-4.4.9,ssv0.9.0;ssv0.9.1;ssv0.9.2;ssv0.9.3;v1.10.0;v1.10.1;v1.10.10;v1.10.11;v1.10.12;v1.10.13;v1.10.14;v1.10.2;v1.10.3;v1.10.4;v1.10.5;v1.10.6;v1.10.7;v1.10.8;v1.10.9;v1.11.0;v1.11.1;v1.11.2;v1.11.3;v1.12.0;v1.12.1;v1.12.10;v1.12.11;v1.12.12;v1.12.13;v1.12.2;v1.12.3;v1.12.4;v1.12.5;v1.12.6;v1.12.7;v1.12.8;v1.12.9;v1.8.0;v1.8.1;v1.8.10;v1.8.11;v1.8.12;v1.8.13;v1.8.14;v1.8.15;v1.8.2;v1.8.3;v1.8.4;v1.8.5;v1.8.6;v1.8.7;v1.8.8;v1.8.9;v1.99.0;v1.99.1;v1.99.2;v1.99.3;v1.99.4;v1.99.5;v1.99.6;v1.99.7;v1.99.8;v1.99.9;v2.0.0;v2.0.1;v2.0.10;v2.0.11;v2.0.12;v2.0.13;v2.0.14;v2.0.15;v2.0.16;v2.0.2;v2.0.3;v2.0.4;v2.0.5;v2.0.6;v2.0.7;v2.0.8;v2.0.9;v2.1.0;v2.1.1;v2.2.0;v2.2.1;v2.2.10;v2.2.11;v2.2.12;v2.2.13;v2.2.14;v2.2.15;v2.2.16;v2.2.17;v2.2.2;v2.2.3;v2.2.4;v2.2.5;v2.2.6;v2.2.7;v2.2.8;v2.2.9;v2.4.0;v2.4.1;v2.4.10;v2.4.11;v2.4.12;v2.4.13;v2.4.14;v2.4.15;v2.4.16;v2.4.2;v2.4.3;v2.4.4;v2.4.5;v2.4.6;v2.4.7;v2.4.8;v2.4.9;v2.5.0;v2.5.1;v2.6.0;v2.6.1;v2.6.10;v2.6.11;v2.6.12;v2.6.13;v2.6.14;v2.6.15;v2.6.16;v2.6.2;v2.6.3;v2.6.4;v2.6.5;v2.6.6;v2.6.7;v2.6.8;v2.6.9;v2.9.0;v3.0.0;v3.0.1;v3.0.10;v3.0.11;v3.0.12;v3.0.13;v3.0.14;v3.0.2;v3.0.3;v3.0.4;v3.0.5;v3.0.6;v3.0.7;v3.0.8;v3.0.9;v3.1.0;v3.1.1;v3.2.0;v3.2.1;v3.2.10;v3.2.11;v3.2.12;v3.2.13;v3.2.14;v3.2.15;v3.2.16;v3.2.17;v3.2.18;v3.2.2;v3.2.3;v3.2.4;v3.2.5;v3.2.6;v3.2.7;v3.2.8;v3.2.9;v3.3.0;v3.3.1;v3.4.0;v3.4.1;v3.4.10;v3.4.11;v3.4.12;v3.4.13;v3.4.14;v3.4.15;v3.4.16;v3.4.2;v3.4.3;v3.4.4;v3.4.5;v3.4.6;v3.4.7;v3.4.8;v3.4.9;v3.5.0;v3.6.0;v3.6.1;v3.6.10;v3.6.11;v3.6.12;v3.6.13;v3.6.14;v3.6.15;v3.6.16;v3.6.17;v3.6.18;v3.6.19;v3.6.2;v3.6.20;v3.6.21;v3.6.22;v3.6.23;v3.6.24;v3.6.3;v3.6.4;v3.6.5;v3.6.6;v3.6.7;v3.6.8;v3.6.9;v3.7.0;v3.7.1;v3.7.2;v4.0.0;v4.0.1;v4.0.10;v4.0.11;v4.0.12;v4.0.13;v4.0.14;v4.0.15;v4.0.16;v4.0.17;v4.0.2;v4.0.3;v4.0.4;v4.0.5;v4.0.6;v4.0.7;v4.0.8;v4.0.9;v4.1.0;v4.2.0;v4.2.1;v4.2.10;v4.2.11;v4.2.12;v4.2.13;v4.2.14;v4.2.2;v4.2.3;v4.2.4;v4.2.5;v4.2.6;v4.2.7;v4.2.8;v4.2.9;v4.3.0;v4.3.1;v4.4.0;v4.4.1;v4.4.10;v4.4.11;v4.4.12;v4.4.13;v4.4.2;v4.4.3;v4.4.4;v4.4.5;v4.4.6;v4.4.7;v4.4.8;v4.4.9;v4.6.0;v4.6.1;v4.6.2;v4.6.3;wireshark-1.0.2;wireshark-1.10.0;wireshark-1.10.1;wireshark-1.10.10;wireshark-1.10.11;wireshark-1.10.12;wireshark-1.10.13;wireshark-1.10.14;wireshark-1.10.2;wireshark-1.10.3;wireshark-1.10.4;wireshark-1.10.5;wireshark-1.10.6;wireshark-1.10.7;wireshark-1.10.8;wireshark-1.10.9;wireshark-1.11.3;wireshark-1.12.0;wireshark-1.12.1;wireshark-1.12.10;wireshark-1.12.11;wireshark-1.12.12;wireshark-1.12.13;wireshark-1.12.2;wireshark-1.12.3;wireshark-1.12.4;wireshark-1.12.5;wireshark-1.12.6;wireshark-1.12.7;wireshark-1.12.8;wireshark-1.12.9;wireshark-1.2.0;wireshark-1.2.1;wireshark-1.2.10;wireshark-1.2.11;wireshark-1.2.12;wireshark-1.2.13;wireshark-1.2.14;wireshark-1.2.15;wireshark-1.2.16;wireshark-1.2.17;wireshark-1.2.18;wireshark-1.2.2;wireshark-1.2.3;wireshark-1.2.4;wireshark-1.2.5;wireshark-1.2.6;wireshark-1.2.7;wireshark-1.2.8;wireshark-1.2.9;wireshark-1.4.0;wireshark-1.4.1;wireshark-1.4.10;wireshark-1.4.11;wireshark-1.4.12;wireshark-1.4.13;wireshark-1.4.14;wireshark-1.4.15;wireshark-1.4.2;wireshark-1.4.3;wireshark-1.4.4;wireshark-1.4.5;wireshark-1.4.6;wireshark-1.4.7;wireshark-1.4.8;wireshark-1.4.9;wireshark-1.6.0;wireshark-1.6.1;wireshark-1.6.10;wireshark-1.6.11;wireshark-1.6.12;wireshark-1.6.13;wireshark-1.6.14;wireshark-1.6.15;wireshark-1.6.16;wireshark-1.6.2;wireshark-1.6.3;wireshark-1.6.4;wireshark-1.6.5;wireshark-1.6.6;wireshark-1.6.7;wireshark-1.6.8;wireshark-1.6.9;wireshark-1.8.0;wireshark-1.8.1;wireshark-1.8.10;wireshark-1.8.11;wireshark-1.8.12;wireshark-1.8.13;wireshark-1.8.14;wireshark-1.8.15;wireshark-1.8.2;wireshark-1.8.3;wireshark-1.8.4;wireshark-1.8.5;wireshark-1.8.6;wireshark-1.8.7;wireshark-1.8.8;wireshark-1.8.9;wireshark-1.99.0;wireshark-1.99.1;wireshark-1.99.2;wireshark-1.99.3;wireshark-1.99.4;wireshark-1.99.5;wireshark-1.99.6;wireshark-1.99.7;wireshark-1.99.8;wireshark-1.99.9;wireshark-2.0.0;wireshark-2.0.1;wireshark-2.0.10;wireshark-2.0.11;wireshark-2.0.12;wireshark-2.0.13;wireshark-2.0.14;wireshark-2.0.15;wireshark-2.0.16;wireshark-2.0.2;wireshark-2.0.3;wireshark-2.0.4;wireshark-2.0.5;wireshark-2.0.6;wireshark-2.0.7;wireshark-2.0.8;wireshark-2.0.9;wireshark-2.1.0;wireshark-2.1.1;wireshark-2.2.0;wireshark-2.2.1;wireshark-2.2.10;wireshark-2.2.11;wireshark-2.2.12;wireshark-2.2.13;wireshark-2.2.14;wireshark-2.2.15;wireshark-2.2.16;wireshark-2.2.17;wireshark-2.2.2;wireshark-2.2.3;wireshark-2.2.4;wireshark-2.2.5;wireshark-2.2.6;wireshark-2.2.7;wireshark-2.2.8;wireshark-2.2.9;wireshark-2.4.0;wireshark-2.4.1;wireshark-2.4.10;wireshark-2.4.11;wireshark-2.4.12;wireshark-2.4.13;wireshark-2.4.14;wireshark-2.4.15;wireshark-2.4.16;wireshark-2.4.2;wireshark-2.4.3;wireshark-2.4.4;wireshark-2.4.5;wireshark-2.4.6;wireshark-2.4.7;wireshark-2.4.8;wireshark-2.4.9;wireshark-2.5.0;wireshark-2.6.0;wireshark-2.6.1;wireshark-2.6.10;wireshark-2.6.11;wireshark-2.6.12;wireshark-2.6.13;wireshark-2.6.14;wireshark-2.6.15;wireshark-2.6.16;wireshark-2.6.2;wireshark-2.6.3;wireshark-2.6.4;wireshark-2.6.5;wireshark-2.6.6;wireshark-2.6.7;wireshark-2.6.8;wireshark-2.6.9;wireshark-3.0.0;wireshark-3.0.1;wireshark-3.0.10;wireshark-3.0.11;wireshark-3.0.12;wireshark-3.0.13;wireshark-3.0.14;wireshark-3.0.2;wireshark-3.0.3;wireshark-3.0.4;wireshark-3.0.5;wireshark-3.0.6;wireshark-3.0.7;wireshark-3.0.8;wireshark-3.0.9;wireshark-3.2.0;wireshark-3.2.1;wireshark-3.2.10;wireshark-3.2.11;wireshark-3.2.12;wireshark-3.2.13;wireshark-3.2.14;wireshark-3.2.15;wireshark-3.2.16;wireshark-3.2.17;wireshark-3.2.18;wireshark-3.2.2;wireshark-3.2.3;wireshark-3.2.4;wireshark-3.2.5;wireshark-3.2.6;wireshark-3.2.7;wireshark-3.2.8;wireshark-3.2.9;wireshark-3.4.0;wireshark-3.4.1;wireshark-3.4.10;wireshark-3.4.11;wireshark-3.4.12;wireshark-3.4.13;wireshark-3.4.14;wireshark-3.4.15;wireshark-3.4.16;wireshark-3.4.2;wireshark-3.4.3;wireshark-3.4.4;wireshark-3.4.5;wireshark-3.4.6;wireshark-3.4.7;wireshark-3.4.8;wireshark-3.4.9;wireshark-3.6.0;wireshark-3.6.1;wireshark-3.6.10;wireshark-3.6.11;wireshark-3.6.12;wireshark-3.6.13;wireshark-3.6.14;wireshark-3.6.15;wireshark-3.6.16;wireshark-3.6.17;wireshark-3.6.18;wireshark-3.6.19;wireshark-3.6.2;wireshark-3.6.20;wireshark-3.6.21;wireshark-3.6.22;wireshark-3.6.23;wireshark-3.6.24;wireshark-3.6.3;wireshark-3.6.4;wireshark-3.6.5;wireshark-3.6.6;wireshark-3.6.7;wireshark-3.6.8;wireshark-3.6.9;wireshark-4.0.0;wireshark-4.0.1;wireshark-4.0.10;wireshark-4.0.11;wireshark-4.0.12;wireshark-4.0.13;wireshark-4.0.14;wireshark-4.0.15;wireshark-4.0.16;wireshark-4.0.17;wireshark-4.0.2;wireshark-4.0.3;wireshark-4.0.4;wireshark-4.0.5;wireshark-4.0.6;wireshark-4.0.7;wireshark-4.0.8;wireshark-4.0.9;wireshark-4.2.0;wireshark-4.2.1;wireshark-4.2.10;wireshark-4.2.11;wireshark-4.2.12;wireshark-4.2.13;wireshark-4.2.2;wireshark-4.2.3;wireshark-4.2.4;wireshark-4.2.5;wireshark-4.2.6;wireshark-4.2.7;wireshark-4.2.8;wireshark-4.2.9;wireshark-4.4.0;wireshark-4.4.1;wireshark-4.4.2;wireshark-4.4.3;wireshark-4.4.4;wireshark-4.4.5;wireshark-4.4.6;wireshark-4.4.7;wireshark-4.4.8;wireshark-4.4.9
CVE-2020-15466,wireshark,True,0,0,,,none,,,not_evaluable,,0.0,0.0,0.0,False,0.0,0.0,0.0,False,0.0,0.0,0.0,False,0.0,0.0,0.0,False,0.0,0.0,0.0,False,,anchor_or_blame_likely_problem,0,0,0,0,0,0,v1.12.0;v1.12.1;v1.12.10;v1.12.11;v1.12.12;v1.12.13;v1.12.2;v1.12.3;v1.12.4;v1.12.5;v1.12.6;v1.12.7;v1.12.8;v1.12.9;v1.99.0;v1.99.1;v1.99.2;v1.99.3;v1.99.4;v1.99.5;v1.99.6;v1.99.7;v1.99.8;v1.99.9;v2.0.0;v2.0.1;v2.0.10;v2.0.11;v2.0.12;v2.0.13;v2.0.14;v2.0.15;v2.0.16;v2.0.2;v2.0.3;v2.0.4;v2.0.5;v2.0.6;v2.0.7;v2.0.8;v2.0.9;v2.1.0;v2.1.1;v2.2.0;v2.2.1;v2.2.10;v2.2.11;v2.2.12;v2.2.13;v2.2.14;v2.2.15;v2.2.16;v2.2.17;v2.2.2;v2.2.3;v2.2.4;v2.2.5;v2.2.6;v2.2.7;v2.2.8;v2.2.9;v2.4.0;v2.4.1;v2.4.10;v2.4.11;v2.4.12;v2.4.13;v2.4.14;v2.4.15;v2.4.16;v2.4.2;v2.4.3;v2.4.4;v2.4.5;v2.4.6;v2.4.7;v2.4.8;v2.4.9;v2.5.0;v2.5.1;v2.6.0;v2.6.1;v2.6.10;v2.6.11;v2.6.12;v2.6.13;v2.6.14;v2.6.15;v2.6.16;v2.6.17;v2.6.18;v2.6.19;v2.6.2;v2.6.20;v2.6.3;v2.6.4;v2.6.5;v2.6.6;v2.6.7;v2.6.8;v2.6.9;v2.9.0;v3.0.0;v3.0.1;v3.0.10;v3.0.11;v3.0.12;v3.0.13;v3.0.14;v3.0.2;v3.0.3;v3.0.4;v3.0.5;v3.0.6;v3.0.7;v3.0.8;v3.0.9;v3.1.0;v3.1.1;v3.2.0;v3.2.1;v3.2.2;v3.2.3;v3.2.4;wireshark-1.12.0;wireshark-1.12.1;wireshark-1.12.10;wireshark-1.12.11;wireshark-1.12.12;wireshark-1.12.13;wireshark-1.12.2;wireshark-1.12.3;wireshark-1.12.4;wireshark-1.12.5;wireshark-1.12.6;wireshark-1.12.7;wireshark-1.12.8;wireshark-1.12.9;wireshark-1.99.0;wireshark-1.99.1;wireshark-1.99.2;wireshark-1.99.3;wireshark-1.99.4;wireshark-1.99.5;wireshark-1.99.6;wireshark-1.99.7;wireshark-1.99.8;wireshark-1.99.9;wireshark-2.0.0;wireshark-2.0.1;wireshark-2.0.10;wireshark-2.0.11;wireshark-2.0.12;wireshark-2.0.13;wireshark-2.0.14;wireshark-2.0.15;wireshark-2.0.16;wireshark-2.0.2;wireshark-2.0.3;wireshark-2.0.4;wireshark-2.0.5;wireshark-2.0.6;wireshark-2.0.7;wireshark-2.0.8;wireshark-2.0.9;wireshark-2.1.0;wireshark-2.1.1;wireshark-2.2.0;wireshark-2.2.1;wireshark-2.2.10;wireshark-2.2.11;wireshark-2.2.12;wireshark-2.2.13;wireshark-2.2.14;wireshark-2.2.15;wireshark-2.2.16;wireshark-2.2.17;wireshark-2.2.2;wireshark-2.2.3;wireshark-2.2.4;wireshark-2.2.5;wireshark-2.2.6;wireshark-2.2.7;wireshark-2.2.8;wireshark-2.2.9;wireshark-2.4.0;wireshark-2.4.1;wireshark-2.4.10;wireshark-2.4.11;wireshark-2.4.12;wireshark-2.4.13;wireshark-2.4.14;wireshark-2.4.15;wireshark-2.4.16;wireshark-2.4.2;wireshark-2.4.3;wireshark-2.4.4;wireshark-2.4.5;wireshark-2.4.6;wireshark-2.4.7;wireshark-2.4.8;wireshark-2.4.9;wireshark-2.5.0;wireshark-2.6.0;wireshark-2.6.1;wireshark-2.6.10;wireshark-2.6.11;wireshark-2.6.12;wireshark-2.6.13;wireshark-2.6.14;wireshark-2.6.15;wireshark-2.6.16;wireshark-2.6.17;wireshark-2.6.18;wireshark-2.6.19;wireshark-2.6.2;wireshark-2.6.20;wireshark-2.6.3;wireshark-2.6.4;wireshark-2.6.5;wireshark-2.6.6;wireshark-2.6.7;wireshark-2.6.8;wireshark-2.6.9;wireshark-3.0.0;wireshark-3.0.1;wireshark-3.0.10;wireshark-3.0.11;wireshark-3.0.12;wireshark-3.0.13;wireshark-3.0.14;wireshark-3.0.2;wireshark-3.0.3;wireshark-3.0.4;wireshark-3.0.5;wireshark-3.0.6;wireshark-3.0.7;wireshark-3.0.8;wireshark-3.0.9;wireshark-3.2.0;wireshark-3.2.1;wireshark-3.2.2;wireshark-3.2.3;wireshark-3.2.4,,,
