artifact_set,stage,cve_id,file,bytes
judge30,packet,,blind_packet_forbidden_field_scan.json,478
judge30,other,,cve_2020_27814_repair_report.md,522
judge30,other,,fallback_candidate_ranking_report.md,814
judge30,other,,fallback_ranked_candidates.json,111784
judge30,diagnostic_summary,,judge_candidate_summary.csv,45933
judge30,other,,judge_input_hardening_report.md,4147
judge30,other,,provenance_manifest.json,798
judge30,diagnostic_summary,,summary.json,1087
judge30,packet,CVE-2020-10251,CVE-2020-10251/judge_audit_packet.json,26671
judge30,packet,CVE-2020-10251,CVE-2020-10251/judge_blind_input_packet.json,9108
judge30,packet,CVE-2020-10702,CVE-2020-10702/judge_audit_packet.json,12005
judge30,packet,CVE-2020-10702,CVE-2020-10702/judge_blind_input_packet.json,4741
judge30,packet,CVE-2020-11647,CVE-2020-11647/judge_audit_packet.json,145719
judge30,packet,CVE-2020-11647,CVE-2020-11647/judge_blind_input_packet.json,44730
judge30,packet,CVE-2020-11869,CVE-2020-11869/judge_audit_packet.json,20269
judge30,packet,CVE-2020-11869,CVE-2020-11869/judge_blind_input_packet.json,7688
judge30,packet,CVE-2020-11947,CVE-2020-11947/judge_audit_packet.json,15434
judge30,packet,CVE-2020-11947,CVE-2020-11947/judge_blind_input_packet.json,5746
judge30,packet,CVE-2020-11984,CVE-2020-11984/judge_audit_packet.json,28495
judge30,packet,CVE-2020-11984,CVE-2020-11984/judge_blind_input_packet.json,10369
judge30,packet,CVE-2020-11985,CVE-2020-11985/judge_audit_packet.json,11229
judge30,packet,CVE-2020-11985,CVE-2020-11985/judge_blind_input_packet.json,3859
judge30,packet,CVE-2020-11993,CVE-2020-11993/judge_audit_packet.json,9599
judge30,packet,CVE-2020-11993,CVE-2020-11993/judge_blind_input_packet.json,3355
judge30,packet,CVE-2020-12284,CVE-2020-12284/judge_audit_packet.json,61196
judge30,packet,CVE-2020-12284,CVE-2020-12284/judge_blind_input_packet.json,27386
judge30,packet,CVE-2020-13164,CVE-2020-13164/judge_audit_packet.json,116957
judge30,packet,CVE-2020-13164,CVE-2020-13164/judge_blind_input_packet.json,37290
judge30,packet,CVE-2020-13904,CVE-2020-13904/judge_audit_packet.json,681969
judge30,packet,CVE-2020-13904,CVE-2020-13904/judge_blind_input_packet.json,103740
judge30,packet,CVE-2020-14212,CVE-2020-14212/judge_audit_packet.json,59986
judge30,packet,CVE-2020-14212,CVE-2020-14212/judge_blind_input_packet.json,24333
judge30,packet,CVE-2020-15389,CVE-2020-15389/judge_audit_packet.json,29134
judge30,packet,CVE-2020-15389,CVE-2020-15389/judge_blind_input_packet.json,10802
judge30,packet,CVE-2020-15466,CVE-2020-15466/judge_audit_packet.json,90522
judge30,packet,CVE-2020-15466,CVE-2020-15466/judge_blind_input_packet.json,29334
judge30,packet,CVE-2020-19667,CVE-2020-19667/judge_audit_packet.json,66709
judge30,packet,CVE-2020-19667,CVE-2020-19667/judge_blind_input_packet.json,21541
judge30,packet,CVE-2020-1967,CVE-2020-1967/judge_audit_packet.json,9184
judge30,packet,CVE-2020-1967,CVE-2020-1967/judge_blind_input_packet.json,3353
judge30,packet,CVE-2020-1971,CVE-2020-1971/judge_audit_packet.json,57458
judge30,packet,CVE-2020-1971,CVE-2020-1971/judge_blind_input_packet.json,20168
judge30,packet,CVE-2020-25663,CVE-2020-25663/judge_audit_packet.json,29967
judge30,packet,CVE-2020-25663,CVE-2020-25663/judge_blind_input_packet.json,9883
judge30,blame_trace,CVE-2020-27814,CVE-2020-27814/blame_trace.json,6447
judge30,candidate_commits,CVE-2020-27814,CVE-2020-27814/candidate_commits.json,3116
judge30,ingestion,CVE-2020-27814,CVE-2020-27814/ingestion_result.json,359
judge30,packet,CVE-2020-27814,CVE-2020-27814/judge_audit_packet.json,10544
judge30,packet,CVE-2020-27814,CVE-2020-27814/judge_blind_input_packet.json,3990
judge30,candidate_inventory,CVE-2020-27814,CVE-2020-27814/repaired_candidate_inventory.json,4362
judge30,other,CVE-2020-27814,CVE-2020-27814/resolved_pre_fix_anchors.json,2044
judge30,other,CVE-2020-27814,CVE-2020-27814/second_parent_patch_hunks.json,4502
judge30,packet,CVE-2020-27823,CVE-2020-27823/judge_audit_packet.json,11798
judge30,packet,CVE-2020-27823,CVE-2020-27823/judge_blind_input_packet.json,4652
judge30,packet,CVE-2020-8169,CVE-2020-8169/judge_audit_packet.json,47384
judge30,packet,CVE-2020-8169,CVE-2020-8169/judge_blind_input_packet.json,16981
judge30,packet,CVE-2020-8177,CVE-2020-8177/judge_audit_packet.json,32864
judge30,packet,CVE-2020-8177,CVE-2020-8177/judge_blind_input_packet.json,10241
judge30,packet,CVE-2020-8231,CVE-2020-8231/judge_audit_packet.json,26893
judge30,packet,CVE-2020-8231,CVE-2020-8231/judge_blind_input_packet.json,9316
judge30,packet,CVE-2021-23840,CVE-2021-23840/judge_audit_packet.json,36347
judge30,packet,CVE-2021-23840,CVE-2021-23840/judge_blind_input_packet.json,12046
judge30,packet,CVE-2022-0171,CVE-2022-0171/judge_audit_packet.json,20849
judge30,packet,CVE-2022-0171,CVE-2022-0171/judge_blind_input_packet.json,7738
judge30,packet,CVE-2022-0185,CVE-2022-0185/judge_audit_packet.json,9555
judge30,packet,CVE-2022-0185,CVE-2022-0185/judge_blind_input_packet.json,3455
judge30,packet,CVE-2022-0264,CVE-2022-0264/judge_audit_packet.json,9074
judge30,packet,CVE-2022-0264,CVE-2022-0264/judge_blind_input_packet.json,3270
judge30,packet,CVE-2022-0286,CVE-2022-0286/judge_audit_packet.json,17660
judge30,packet,CVE-2022-0286,CVE-2022-0286/judge_blind_input_packet.json,6340
judge30,packet,CVE-2022-0322,CVE-2022-0322/judge_audit_packet.json,10639
judge30,packet,CVE-2022-0322,CVE-2022-0322/judge_blind_input_packet.json,3845
judge30,packet,CVE-2022-0433,CVE-2022-0433/judge_audit_packet.json,37636
judge30,packet,CVE-2022-0433,CVE-2022-0433/judge_blind_input_packet.json,14417
rootcause30,other,,evaluation.csv,2928
rootcause30,other,,failure_taxonomy.json,2114
rootcause30,other,,graph_store/edges.jsonl,3426418
rootcause30,other,,graph_store/events.jsonl,12497235
rootcause30,other,,graph_store/nodes.jsonl,5228905
rootcause30,other,,report.md,15274
rootcause30,other,,semantic_review_template.md,22488
rootcause30,diagnostic_summary,,summary.json,4085136
rootcause30,contract_validation,CVE-2020-10251,CVE-2020-10251/contract_lint.json,404
rootcause30,evidence_trace,CVE-2020-10251,CVE-2020-10251/evidence_trace.json,23989
rootcause30,ingestion,CVE-2020-10251,CVE-2020-10251/ingestion_result.json,40946
rootcause30,model_io,CVE-2020-10251,CVE-2020-10251/parsed_output.json,5915
rootcause30,prompt,CVE-2020-10251,CVE-2020-10251/prompt.txt,48081
rootcause30,model_io,CVE-2020-10251,CVE-2020-10251/raw_response.txt,5558
rootcause30,other,CVE-2020-10251,CVE-2020-10251/report.md,363
rootcause30,packet,CVE-2020-10251,CVE-2020-10251/root_cause_packet.json,16851
rootcause30,contract_validation,CVE-2020-10251,CVE-2020-10251/structural_validation.json,34388
rootcause30,contract_validation,CVE-2020-10702,CVE-2020-10702/contract_lint.json,406
rootcause30,evidence_trace,CVE-2020-10702,CVE-2020-10702/evidence_trace.json,26663
rootcause30,ingestion,CVE-2020-10702,CVE-2020-10702/ingestion_result.json,42937
rootcause30,model_io,CVE-2020-10702,CVE-2020-10702/parsed_output.json,5840
rootcause30,prompt,CVE-2020-10702,CVE-2020-10702/prompt.txt,52008
rootcause30,model_io,CVE-2020-10702,CVE-2020-10702/raw_response.txt,5483
rootcause30,other,CVE-2020-10702,CVE-2020-10702/report.md,363
rootcause30,packet,CVE-2020-10702,CVE-2020-10702/root_cause_packet.json,17140
rootcause30,contract_validation,CVE-2020-10702,CVE-2020-10702/structural_validation.json,36655
rootcause30,contract_validation,CVE-2020-11647,CVE-2020-11647/contract_lint.json,596
rootcause30,evidence_trace,CVE-2020-11647,CVE-2020-11647/evidence_trace.json,39785
rootcause30,ingestion,CVE-2020-11647,CVE-2020-11647/ingestion_result.json,68321
rootcause30,model_io,CVE-2020-11647,CVE-2020-11647/parsed_output.json,8936
rootcause30,prompt,CVE-2020-11647,CVE-2020-11647/prompt.txt,76825
rootcause30,model_io,CVE-2020-11647,CVE-2020-11647/raw_response.txt,8138
rootcause30,other,CVE-2020-11647,CVE-2020-11647/report.md,363
rootcause30,packet,CVE-2020-11647,CVE-2020-11647/root_cause_packet.json,40303
rootcause30,contract_validation,CVE-2020-11647,CVE-2020-11647/structural_validation.json,59767
rootcause30,contract_validation,CVE-2020-11869,CVE-2020-11869/contract_lint.json,1154
rootcause30,evidence_trace,CVE-2020-11869,CVE-2020-11869/evidence_trace.json,34891
rootcause30,ingestion,CVE-2020-11869,CVE-2020-11869/ingestion_result.json,75976
rootcause30,model_io,CVE-2020-11869,CVE-2020-11869/parsed_output.json,17347
rootcause30,prompt,CVE-2020-11869,CVE-2020-11869/prompt.txt,66397
rootcause30,model_io,CVE-2020-11869,CVE-2020-11869/raw_response.txt,15995
rootcause30,other,CVE-2020-11869,CVE-2020-11869/report.md,363
rootcause30,packet,CVE-2020-11869,CVE-2020-11869/root_cause_packet.json,31866
rootcause30,contract_validation,CVE-2020-11869,CVE-2020-11869/structural_validation.json,64919
rootcause30,contract_validation,CVE-2020-11947,CVE-2020-11947/contract_lint.json,337
rootcause30,evidence_trace,CVE-2020-11947,CVE-2020-11947/evidence_trace.json,38055
rootcause30,ingestion,CVE-2020-11947,CVE-2020-11947/ingestion_result.json,37264
rootcause30,model_io,CVE-2020-11947,CVE-2020-11947/parsed_output.json,5212
rootcause30,prompt,CVE-2020-11947,CVE-2020-11947/prompt.txt,47662
rootcause30,model_io,CVE-2020-11947,CVE-2020-11947/raw_response.txt,4931
rootcause30,other,CVE-2020-11947,CVE-2020-11947/report.md,363
rootcause30,packet,CVE-2020-11947,CVE-2020-11947/root_cause_packet.json,11124
rootcause30,contract_validation,CVE-2020-11947,CVE-2020-11947/structural_validation.json,31370
rootcause30,contract_validation,CVE-2020-11984,CVE-2020-11984/contract_lint.json,501
rootcause30,evidence_trace,CVE-2020-11984,CVE-2020-11984/evidence_trace.json,88754
rootcause30,ingestion,CVE-2020-11984,CVE-2020-11984/ingestion_result.json,109452
rootcause30,model_io,CVE-2020-11984,CVE-2020-11984/parsed_output.json,10311
rootcause30,prompt,CVE-2020-11984,CVE-2020-11984/prompt.txt,115877
rootcause30,model_io,CVE-2020-11984,CVE-2020-11984/raw_response.txt,9496
rootcause30,other,CVE-2020-11984,CVE-2020-11984/report.md,363
rootcause30,packet,CVE-2020-11984,CVE-2020-11984/root_cause_packet.json,51862
rootcause30,contract_validation,CVE-2020-11984,CVE-2020-11984/structural_validation.json,97984
rootcause30,contract_validation,CVE-2020-11985,CVE-2020-11985/contract_lint.json,494
rootcause30,evidence_trace,CVE-2020-11985,CVE-2020-11985/evidence_trace.json,50691
rootcause30,ingestion,CVE-2020-11985,CVE-2020-11985/ingestion_result.json,59907
rootcause30,model_io,CVE-2020-11985,CVE-2020-11985/parsed_output.json,6414
rootcause30,prompt,CVE-2020-11985,CVE-2020-11985/prompt.txt,69319
rootcause30,model_io,CVE-2020-11985,CVE-2020-11985/raw_response.txt,6057
rootcause30,other,CVE-2020-11985,CVE-2020-11985/report.md,363
rootcause30,packet,CVE-2020-11985,CVE-2020-11985/root_cause_packet.json,23668
rootcause30,contract_validation,CVE-2020-11985,CVE-2020-11985/structural_validation.json,51933
rootcause30,contract_validation,CVE-2020-11993,CVE-2020-11993/contract_lint.json,623
rootcause30,evidence_trace,CVE-2020-11993,CVE-2020-11993/evidence_trace.json,208872
rootcause30,ingestion,CVE-2020-11993,CVE-2020-11993/ingestion_result.json,1085896
rootcause30,model_io,CVE-2020-11993,CVE-2020-11993/parsed_output.json,7151
rootcause30,prompt,CVE-2020-11993,CVE-2020-11993/prompt.txt,1137637
rootcause30,model_io,CVE-2020-11993,CVE-2020-11993/raw_response.txt,6794
rootcause30,other,CVE-2020-11993,CVE-2020-11993/report.md,363
rootcause30,packet,CVE-2020-11993,CVE-2020-11993/root_cause_packet.json,916145
rootcause30,contract_validation,CVE-2020-11993,CVE-2020-11993/structural_validation.json,1005446
rootcause30,contract_validation,CVE-2020-12284,CVE-2020-12284/contract_lint.json,733
rootcause30,evidence_trace,CVE-2020-12284,CVE-2020-12284/evidence_trace.json,78670
rootcause30,ingestion,CVE-2020-12284,CVE-2020-12284/ingestion_result.json,87280
rootcause30,model_io,CVE-2020-12284,CVE-2020-12284/parsed_output.json,8472
rootcause30,prompt,CVE-2020-12284,CVE-2020-12284/prompt.txt,93249
rootcause30,model_io,CVE-2020-12284,CVE-2020-12284/raw_response.txt,7885
rootcause30,other,CVE-2020-12284,CVE-2020-12284/report.md,363
rootcause30,packet,CVE-2020-12284,CVE-2020-12284/root_cause_packet.json,28107
rootcause30,contract_validation,CVE-2020-12284,CVE-2020-12284/structural_validation.json,76629
rootcause30,contract_validation,CVE-2020-13164,CVE-2020-13164/contract_lint.json,422
rootcause30,evidence_trace,CVE-2020-13164,CVE-2020-13164/evidence_trace.json,41778
rootcause30,ingestion,CVE-2020-13164,CVE-2020-13164/ingestion_result.json,85343
rootcause30,model_io,CVE-2020-13164,CVE-2020-13164/parsed_output.json,7605
rootcause30,prompt,CVE-2020-13164,CVE-2020-13164/prompt.txt,93708
rootcause30,model_io,CVE-2020-13164,CVE-2020-13164/raw_response.txt,7096
rootcause30,other,CVE-2020-13164,CVE-2020-13164/report.md,363
rootcause30,packet,CVE-2020-13164,CVE-2020-13164/root_cause_packet.json,53604
rootcause30,contract_validation,CVE-2020-13164,CVE-2020-13164/structural_validation.json,76176
rootcause30,contract_validation,CVE-2020-13904,CVE-2020-13904/contract_lint.json,1690
rootcause30,evidence_trace,CVE-2020-13904,CVE-2020-13904/evidence_trace.json,447044
rootcause30,ingestion,CVE-2020-13904,CVE-2020-13904/ingestion_result.json,484285
rootcause30,model_io,CVE-2020-13904,CVE-2020-13904/parsed_output.json,29261
rootcause30,prompt,CVE-2020-13904,CVE-2020-13904/prompt.txt,468059
rootcause30,model_io,CVE-2020-13904,CVE-2020-13904/raw_response.txt,27182
rootcause30,other,CVE-2020-13904,CVE-2020-13904/report.md,450
rootcause30,packet,CVE-2020-13904,CVE-2020-13904/root_cause_packet.json,204875
rootcause30,contract_validation,CVE-2020-13904,CVE-2020-13904/structural_validation.json,436709
rootcause30,contract_validation,CVE-2020-14212,CVE-2020-14212/contract_lint.json,532
rootcause30,evidence_trace,CVE-2020-14212,CVE-2020-14212/evidence_trace.json,153952
rootcause30,ingestion,CVE-2020-14212,CVE-2020-14212/ingestion_result.json,416202
rootcause30,model_io,CVE-2020-14212,CVE-2020-14212/parsed_output.json,6780
rootcause30,prompt,CVE-2020-14212,CVE-2020-14212/prompt.txt,429610
rootcause30,model_io,CVE-2020-14212,CVE-2020-14212/raw_response.txt,6346
rootcause30,other,CVE-2020-14212,CVE-2020-14212/report.md,363
rootcause30,packet,CVE-2020-14212,CVE-2020-14212/root_cause_packet.json,283381
rootcause30,contract_validation,CVE-2020-14212,CVE-2020-14212/structural_validation.json,385612
rootcause30,contract_validation,CVE-2020-15389,CVE-2020-15389/contract_lint.json,407
rootcause30,evidence_trace,CVE-2020-15389,CVE-2020-15389/evidence_trace.json,32577
rootcause30,ingestion,CVE-2020-15389,CVE-2020-15389/ingestion_result.json,43057
rootcause30,model_io,CVE-2020-15389,CVE-2020-15389/parsed_output.json,7217
rootcause30,prompt,CVE-2020-15389,CVE-2020-15389/prompt.txt,50018
rootcause30,model_io,CVE-2020-15389,CVE-2020-15389/raw_response.txt,6860
rootcause30,other,CVE-2020-15389,CVE-2020-15389/report.md,363
rootcause30,packet,CVE-2020-15389,CVE-2020-15389/root_cause_packet.json,17185
rootcause30,contract_validation,CVE-2020-15389,CVE-2020-15389/structural_validation.json,36392
rootcause30,contract_validation,CVE-2020-15466,CVE-2020-15466/contract_lint.json,361
rootcause30,evidence_trace,CVE-2020-15466,CVE-2020-15466/evidence_trace.json,37067
rootcause30,ingestion,CVE-2020-15466,CVE-2020-15466/ingestion_result.json,60277
rootcause30,model_io,CVE-2020-15466,CVE-2020-15466/parsed_output.json,7303
rootcause30,prompt,CVE-2020-15466,CVE-2020-15466/prompt.txt,64275
rootcause30,model_io,CVE-2020-15466,CVE-2020-15466/raw_response.txt,6869
rootcause30,other,CVE-2020-15466,CVE-2020-15466/report.md,363
rootcause30,packet,CVE-2020-15466,CVE-2020-15466/root_cause_packet.json,30514
rootcause30,contract_validation,CVE-2020-15466,CVE-2020-15466/structural_validation.json,51783
rootcause30,contract_validation,CVE-2020-19667,CVE-2020-19667/contract_lint.json,188
rootcause30,evidence_trace,CVE-2020-19667,CVE-2020-19667/evidence_trace.json,22425
rootcause30,ingestion,CVE-2020-19667,CVE-2020-19667/ingestion_result.json,307
rootcause30,other,CVE-2020-19667,CVE-2020-19667/parse_error.json,85
rootcause30,prompt,CVE-2020-19667,CVE-2020-19667/prompt.txt,40219
rootcause30,model_io,CVE-2020-19667,CVE-2020-19667/raw_response.txt,110
rootcause30,other,CVE-2020-19667,CVE-2020-19667/report.md,410
rootcause30,packet,CVE-2020-19667,CVE-2020-19667/root_cause_packet.json,9950
rootcause30,contract_validation,CVE-2020-19667,CVE-2020-19667/structural_validation.json,196
rootcause30,contract_validation,CVE-2020-1967,CVE-2020-1967/contract_lint.json,477
rootcause30,evidence_trace,CVE-2020-1967,CVE-2020-1967/evidence_trace.json,29028
rootcause30,ingestion,CVE-2020-1967,CVE-2020-1967/ingestion_result.json,36784
rootcause30,model_io,CVE-2020-1967,CVE-2020-1967/parsed_output.json,5340
rootcause30,prompt,CVE-2020-1967,CVE-2020-1967/prompt.txt,46340
rootcause30,model_io,CVE-2020-1967,CVE-2020-1967/raw_response.txt,4982
rootcause30,other,CVE-2020-1967,CVE-2020-1967/report.md,362
rootcause30,packet,CVE-2020-1967,CVE-2020-1967/root_cause_packet.json,11178
rootcause30,contract_validation,CVE-2020-1967,CVE-2020-1967/structural_validation.json,30935
rootcause30,contract_validation,CVE-2020-1971,CVE-2020-1971/contract_lint.json,1100
rootcause30,evidence_trace,CVE-2020-1971,CVE-2020-1971/evidence_trace.json,30534
rootcause30,ingestion,CVE-2020-1971,CVE-2020-1971/ingestion_result.json,79136
rootcause30,model_io,CVE-2020-1971,CVE-2020-1971/parsed_output.json,14384
rootcause30,prompt,CVE-2020-1971,CVE-2020-1971/prompt.txt,72314
rootcause30,model_io,CVE-2020-1971,CVE-2020-1971/raw_response.txt,13342
rootcause30,other,CVE-2020-1971,CVE-2020-1971/report.md,362
rootcause30,packet,CVE-2020-1971,CVE-2020-1971/root_cause_packet.json,35596
rootcause30,contract_validation,CVE-2020-1971,CVE-2020-1971/structural_validation.json,67982
rootcause30,contract_validation,CVE-2020-25663,CVE-2020-25663/contract_lint.json,331
rootcause30,evidence_trace,CVE-2020-25663,CVE-2020-25663/evidence_trace.json,20077
rootcause30,ingestion,CVE-2020-25663,CVE-2020-25663/ingestion_result.json,40284
rootcause30,model_io,CVE-2020-25663,CVE-2020-25663/parsed_output.json,6220
rootcause30,prompt,CVE-2020-25663,CVE-2020-25663/prompt.txt,48015
rootcause30,model_io,CVE-2020-25663,CVE-2020-25663/raw_response.txt,5863
rootcause30,other,CVE-2020-25663,CVE-2020-25663/report.md,363
rootcause30,packet,CVE-2020-25663,CVE-2020-25663/root_cause_packet.json,16058
rootcause30,contract_validation,CVE-2020-25663,CVE-2020-25663/structural_validation.json,33918
rootcause30,contract_validation,CVE-2020-27814,CVE-2020-27814/contract_lint.json,2306
rootcause30,evidence_trace,CVE-2020-27814,CVE-2020-27814/evidence_trace.json,6546
rootcause30,ingestion,CVE-2020-27814,CVE-2020-27814/ingestion_result.json,22506
rootcause30,model_io,CVE-2020-27814,CVE-2020-27814/parsed_output.json,6155
rootcause30,prompt,CVE-2020-27814,CVE-2020-27814/prompt.txt,25344
rootcause30,model_io,CVE-2020-27814,CVE-2020-27814/raw_response.txt,5931
rootcause30,other,CVE-2020-27814,CVE-2020-27814/report.md,755
rootcause30,packet,CVE-2020-27814,CVE-2020-27814/root_cause_packet.json,3497
rootcause30,contract_validation,CVE-2020-27814,CVE-2020-27814/structural_validation.json,13799
rootcause30,contract_validation,CVE-2020-27823,CVE-2020-27823/contract_lint.json,415
rootcause30,evidence_trace,CVE-2020-27823,CVE-2020-27823/evidence_trace.json,23201
rootcause30,ingestion,CVE-2020-27823,CVE-2020-27823/ingestion_result.json,35748
rootcause30,model_io,CVE-2020-27823,CVE-2020-27823/parsed_output.json,5513
rootcause30,prompt,CVE-2020-27823,CVE-2020-27823/prompt.txt,44710
rootcause30,model_io,CVE-2020-27823,CVE-2020-27823/raw_response.txt,5232
rootcause30,other,CVE-2020-27823,CVE-2020-27823/report.md,363
rootcause30,packet,CVE-2020-27823,CVE-2020-27823/root_cause_packet.json,12701
rootcause30,contract_validation,CVE-2020-27823,CVE-2020-27823/structural_validation.json,29800
rootcause30,contract_validation,CVE-2020-8169,CVE-2020-8169/contract_lint.json,377
rootcause30,evidence_trace,CVE-2020-8169,CVE-2020-8169/evidence_trace.json,46341
rootcause30,ingestion,CVE-2020-8169,CVE-2020-8169/ingestion_result.json,61594
rootcause30,model_io,CVE-2020-8169,CVE-2020-8169/parsed_output.json,5422
rootcause30,prompt,CVE-2020-8169,CVE-2020-8169/prompt.txt,71090
rootcause30,model_io,CVE-2020-8169,CVE-2020-8169/raw_response.txt,5141
rootcause30,other,CVE-2020-8169,CVE-2020-8169/report.md,362
rootcause30,packet,CVE-2020-8169,CVE-2020-8169/root_cause_packet.json,30410
rootcause30,contract_validation,CVE-2020-8169,CVE-2020-8169/structural_validation.json,53176
rootcause30,contract_validation,CVE-2020-8177,CVE-2020-8177/contract_lint.json,474
rootcause30,evidence_trace,CVE-2020-8177,CVE-2020-8177/evidence_trace.json,39411
rootcause30,ingestion,CVE-2020-8177,CVE-2020-8177/ingestion_result.json,52266
rootcause30,model_io,CVE-2020-8177,CVE-2020-8177/parsed_output.json,7613
rootcause30,prompt,CVE-2020-8177,CVE-2020-8177/prompt.txt,58933
rootcause30,model_io,CVE-2020-8177,CVE-2020-8177/raw_response.txt,7179
rootcause30,other,CVE-2020-8177,CVE-2020-8177/report.md,362
rootcause30,packet,CVE-2020-8177,CVE-2020-8177/root_cause_packet.json,23089
rootcause30,contract_validation,CVE-2020-8177,CVE-2020-8177/structural_validation.json,44958
rootcause30,contract_validation,CVE-2020-8231,CVE-2020-8231/contract_lint.json,916
rootcause30,evidence_trace,CVE-2020-8231,CVE-2020-8231/evidence_trace.json,55044
rootcause30,ingestion,CVE-2020-8231,CVE-2020-8231/ingestion_result.json,124414
rootcause30,model_io,CVE-2020-8231,CVE-2020-8231/parsed_output.json,11690
rootcause30,prompt,CVE-2020-8231,CVE-2020-8231/prompt.txt,122700
rootcause30,model_io,CVE-2020-8231,CVE-2020-8231/raw_response.txt,10974
rootcause30,other,CVE-2020-8231,CVE-2020-8231/report.md,362
rootcause30,packet,CVE-2020-8231,CVE-2020-8231/root_cause_packet.json,70153
rootcause30,contract_validation,CVE-2020-8231,CVE-2020-8231/structural_validation.json,110357
rootcause30,contract_validation,CVE-2021-23840,CVE-2021-23840/contract_lint.json,929
rootcause30,evidence_trace,CVE-2021-23840,CVE-2021-23840/evidence_trace.json,50673
rootcause30,ingestion,CVE-2021-23840,CVE-2021-23840/ingestion_result.json,108951
rootcause30,model_io,CVE-2021-23840,CVE-2021-23840/parsed_output.json,11538
rootcause30,prompt,CVE-2021-23840,CVE-2021-23840/prompt.txt,109523
rootcause30,model_io,CVE-2021-23840,CVE-2021-23840/raw_response.txt,10569
rootcause30,other,CVE-2021-23840,CVE-2021-23840/report.md,363
rootcause30,packet,CVE-2021-23840,CVE-2021-23840/root_cause_packet.json,61707
rootcause30,contract_validation,CVE-2021-23840,CVE-2021-23840/structural_validation.json,96688
rootcause30,contract_validation,CVE-2022-0171,CVE-2022-0171/contract_lint.json,639
rootcause30,evidence_trace,CVE-2022-0171,CVE-2022-0171/evidence_trace.json,79579
rootcause30,ingestion,CVE-2022-0171,CVE-2022-0171/ingestion_result.json,202004
rootcause30,model_io,CVE-2022-0171,CVE-2022-0171/parsed_output.json,8846
rootcause30,prompt,CVE-2022-0171,CVE-2022-0171/prompt.txt,208620
rootcause30,model_io,CVE-2022-0171,CVE-2022-0171/raw_response.txt,8283
rootcause30,other,CVE-2022-0171,CVE-2022-0171/report.md,362
rootcause30,packet,CVE-2022-0171,CVE-2022-0171/root_cause_packet.json,127299
rootcause30,contract_validation,CVE-2022-0171,CVE-2022-0171/structural_validation.json,184477
rootcause30,contract_validation,CVE-2022-0185,CVE-2022-0185/contract_lint.json,310
rootcause30,evidence_trace,CVE-2022-0185,CVE-2022-0185/evidence_trace.json,24986
rootcause30,ingestion,CVE-2022-0185,CVE-2022-0185/ingestion_result.json,34390
rootcause30,model_io,CVE-2022-0185,CVE-2022-0185/parsed_output.json,4823
rootcause30,prompt,CVE-2022-0185,CVE-2022-0185/prompt.txt,45415
rootcause30,model_io,CVE-2022-0185,CVE-2022-0185/raw_response.txt,4326
rootcause30,other,CVE-2022-0185,CVE-2022-0185/report.md,362
rootcause30,packet,CVE-2022-0185,CVE-2022-0185/root_cause_packet.json,11772
rootcause30,contract_validation,CVE-2022-0185,CVE-2022-0185/structural_validation.json,28853
rootcause30,contract_validation,CVE-2022-0264,CVE-2022-0264/contract_lint.json,485
rootcause30,evidence_trace,CVE-2022-0264,CVE-2022-0264/evidence_trace.json,33519
rootcause30,ingestion,CVE-2022-0264,CVE-2022-0264/ingestion_result.json,44156
rootcause30,model_io,CVE-2022-0264,CVE-2022-0264/parsed_output.json,7766
rootcause30,prompt,CVE-2022-0264,CVE-2022-0264/prompt.txt,50713
rootcause30,model_io,CVE-2022-0264,CVE-2022-0264/raw_response.txt,7254
rootcause30,other,CVE-2022-0264,CVE-2022-0264/report.md,362
rootcause30,packet,CVE-2022-0264,CVE-2022-0264/root_cause_packet.json,13971
rootcause30,contract_validation,CVE-2022-0264,CVE-2022-0264/structural_validation.json,37239
rootcause30,contract_validation,CVE-2022-0286,CVE-2022-0286/contract_lint.json,327
rootcause30,evidence_trace,CVE-2022-0286,CVE-2022-0286/evidence_trace.json,34872
rootcause30,ingestion,CVE-2022-0286,CVE-2022-0286/ingestion_result.json,37334
rootcause30,model_io,CVE-2022-0286,CVE-2022-0286/parsed_output.json,5016
rootcause30,prompt,CVE-2022-0286,CVE-2022-0286/prompt.txt,48415
rootcause30,model_io,CVE-2022-0286,CVE-2022-0286/raw_response.txt,4370
rootcause30,other,CVE-2022-0286,CVE-2022-0286/report.md,362
rootcause30,packet,CVE-2022-0286,CVE-2022-0286/root_cause_packet.json,11464
rootcause30,contract_validation,CVE-2022-0286,CVE-2022-0286/structural_validation.json,31872
rootcause30,contract_validation,CVE-2022-0322,CVE-2022-0322/contract_lint.json,487
rootcause30,evidence_trace,CVE-2022-0322,CVE-2022-0322/evidence_trace.json,33102
rootcause30,ingestion,CVE-2022-0322,CVE-2022-0322/ingestion_result.json,37587
rootcause30,model_io,CVE-2022-0322,CVE-2022-0322/parsed_output.json,6226
rootcause30,prompt,CVE-2022-0322,CVE-2022-0322/prompt.txt,47152
rootcause30,model_io,CVE-2022-0322,CVE-2022-0322/raw_response.txt,5945
rootcause30,other,CVE-2022-0322,CVE-2022-0322/report.md,362
rootcause30,packet,CVE-2022-0322,CVE-2022-0322/root_cause_packet.json,12048
rootcause30,contract_validation,CVE-2022-0322,CVE-2022-0322/structural_validation.json,31441
rootcause30,contract_validation,CVE-2022-0433,CVE-2022-0433/contract_lint.json,426
rootcause30,evidence_trace,CVE-2022-0433,CVE-2022-0433/evidence_trace.json,27520
rootcause30,ingestion,CVE-2022-0433,CVE-2022-0433/ingestion_result.json,44074
rootcause30,model_io,CVE-2022-0433,CVE-2022-0433/parsed_output.json,8534
rootcause30,prompt,CVE-2022-0433,CVE-2022-0433/prompt.txt,49925
rootcause30,model_io,CVE-2022-0433,CVE-2022-0433/raw_response.txt,7817
rootcause30,other,CVE-2022-0433,CVE-2022-0433/report.md,362
rootcause30,packet,CVE-2022-0433,CVE-2022-0433/root_cause_packet.json,16475
rootcause30,contract_validation,CVE-2022-0433,CVE-2022-0433/structural_validation.json,37205
szz10,other,,failure_taxonomy.json,100
szz10,other,,manual_anchor_review_template.csv,6487
szz10,other,,preconditions.json,8407
szz10,other,,provenance_manifest.json,7074
szz10,other,,report.md,5574
szz10,diagnostic_summary,,summary.json,22667
szz10,other,,szz_anchor_audit.csv,1386
szz10,blame_trace,CVE-2020-11869,CVE-2020-11869/blame_trace.json,16461
szz10,candidate_commits,CVE-2020-11869,CVE-2020-11869/candidate_commits.json,5441
szz10,candidate_inventory,CVE-2020-11869,CVE-2020-11869/candidate_inventory.json,27557
szz10,candidate_inventory,CVE-2020-11869,CVE-2020-11869/compact_candidate_inventory.json,16368
szz10,contract_validation,CVE-2020-11869,CVE-2020-11869/contract_lint.json,9448
szz10,ingestion,CVE-2020-11869,CVE-2020-11869/ingestion_result.json,1741
szz10,other,CVE-2020-11869,CVE-2020-11869/manual_anchor_review_template.csv,895
szz10,model_io,CVE-2020-11869,CVE-2020-11869/parsed_selection.json,5076
szz10,model_io,CVE-2020-11869,CVE-2020-11869/parsed_szz_handoff.json,5076
szz10,candidate_inventory,CVE-2020-11869,CVE-2020-11869/pre_fix_candidate_inventory.json,27557
szz10,model_io,CVE-2020-11869,CVE-2020-11869/raw_response.txt,4894
szz10,model_io,CVE-2020-11869,CVE-2020-11869/raw_szz_handoff_response.txt,4894
szz10,other,CVE-2020-11869,CVE-2020-11869/report.md,435
szz10,other,CVE-2020-11869,CVE-2020-11869/resolved_anchors.json,8177
szz10,other,CVE-2020-11869,CVE-2020-11869/resolved_pre_fix_anchors.json,8177
szz10,prompt,CVE-2020-11869,CVE-2020-11869/szz_handoff_prompt.txt,28898
szz10,blame_trace,CVE-2020-11984,CVE-2020-11984/blame_trace.json,17279
szz10,candidate_commits,CVE-2020-11984,CVE-2020-11984/candidate_commits.json,5987
szz10,candidate_inventory,CVE-2020-11984,CVE-2020-11984/candidate_inventory.json,278298
szz10,candidate_inventory,CVE-2020-11984,CVE-2020-11984/compact_candidate_inventory.json,119344
szz10,contract_validation,CVE-2020-11984,CVE-2020-11984/contract_lint.json,10004
szz10,ingestion,CVE-2020-11984,CVE-2020-11984/ingestion_result.json,2129
szz10,other,CVE-2020-11984,CVE-2020-11984/manual_anchor_review_template.csv,895
szz10,model_io,CVE-2020-11984,CVE-2020-11984/parsed_selection.json,4467
szz10,model_io,CVE-2020-11984,CVE-2020-11984/parsed_szz_handoff.json,4467
szz10,candidate_inventory,CVE-2020-11984,CVE-2020-11984/pre_fix_candidate_inventory.json,278298
szz10,model_io,CVE-2020-11984,CVE-2020-11984/raw_response.txt,4319
szz10,model_io,CVE-2020-11984,CVE-2020-11984/raw_szz_handoff_response.txt,4319
szz10,other,CVE-2020-11984,CVE-2020-11984/report.md,437
szz10,other,CVE-2020-11984,CVE-2020-11984/resolved_anchors.json,8355
szz10,other,CVE-2020-11984,CVE-2020-11984/resolved_pre_fix_anchors.json,8355
szz10,prompt,CVE-2020-11984,CVE-2020-11984/szz_handoff_prompt.txt,110964
szz10,blame_trace,CVE-2020-13164,CVE-2020-13164/blame_trace.json,12893
szz10,candidate_commits,CVE-2020-13164,CVE-2020-13164/candidate_commits.json,4295
szz10,candidate_inventory,CVE-2020-13164,CVE-2020-13164/candidate_inventory.json,4263088
szz10,candidate_inventory,CVE-2020-13164,CVE-2020-13164/compact_candidate_inventory.json,62694
szz10,contract_validation,CVE-2020-13164,CVE-2020-13164/contract_lint.json,7403
szz10,ingestion,CVE-2020-13164,CVE-2020-13164/ingestion_result.json,1742
szz10,other,CVE-2020-13164,CVE-2020-13164/manual_anchor_review_template.csv,713
szz10,model_io,CVE-2020-13164,CVE-2020-13164/parsed_selection.json,3923
szz10,model_io,CVE-2020-13164,CVE-2020-13164/parsed_szz_handoff.json,3923
szz10,candidate_inventory,CVE-2020-13164,CVE-2020-13164/pre_fix_candidate_inventory.json,4263088
szz10,model_io,CVE-2020-13164,CVE-2020-13164/raw_response.txt,3451
szz10,model_io,CVE-2020-13164,CVE-2020-13164/raw_szz_handoff_response.txt,3451
szz10,other,CVE-2020-13164,CVE-2020-13164/report.md,437
szz10,other,CVE-2020-13164,CVE-2020-13164/resolved_anchors.json,6293
szz10,other,CVE-2020-13164,CVE-2020-13164/resolved_pre_fix_anchors.json,6293
szz10,prompt,CVE-2020-13164,CVE-2020-13164/szz_handoff_prompt.txt,64424
szz10,blame_trace,CVE-2020-14212,CVE-2020-14212/blame_trace.json,16629
szz10,candidate_commits,CVE-2020-14212,CVE-2020-14212/candidate_commits.json,5257
szz10,candidate_inventory,CVE-2020-14212,CVE-2020-14212/candidate_inventory.json,1249581
szz10,candidate_inventory,CVE-2020-14212,CVE-2020-14212/compact_candidate_inventory.json,68407
szz10,contract_validation,CVE-2020-14212,CVE-2020-14212/contract_lint.json,9435
szz10,ingestion,CVE-2020-14212,CVE-2020-14212/ingestion_result.json,1987
szz10,other,CVE-2020-14212,CVE-2020-14212/manual_anchor_review_template.csv,895
szz10,model_io,CVE-2020-14212,CVE-2020-14212/parsed_selection.json,4243
szz10,model_io,CVE-2020-14212,CVE-2020-14212/parsed_szz_handoff.json,4243
szz10,candidate_inventory,CVE-2020-14212,CVE-2020-14212/pre_fix_candidate_inventory.json,1249581
szz10,model_io,CVE-2020-14212,CVE-2020-14212/raw_response.txt,4077
szz10,model_io,CVE-2020-14212,CVE-2020-14212/raw_szz_handoff_response.txt,4077
szz10,other,CVE-2020-14212,CVE-2020-14212/report.md,438
szz10,other,CVE-2020-14212,CVE-2020-14212/resolved_anchors.json,7929
szz10,other,CVE-2020-14212,CVE-2020-14212/resolved_pre_fix_anchors.json,7929
szz10,prompt,CVE-2020-14212,CVE-2020-14212/szz_handoff_prompt.txt,73915
szz10,blame_trace,CVE-2020-15389,CVE-2020-15389/blame_trace.json,21656
szz10,candidate_commits,CVE-2020-15389,CVE-2020-15389/candidate_commits.json,7562
szz10,candidate_inventory,CVE-2020-15389,CVE-2020-15389/candidate_inventory.json,765672
szz10,candidate_inventory,CVE-2020-15389,CVE-2020-15389/compact_candidate_inventory.json,58923
szz10,contract_validation,CVE-2020-15389,CVE-2020-15389/contract_lint.json,11345
szz10,ingestion,CVE-2020-15389,CVE-2020-15389/ingestion_result.json,1747
szz10,other,CVE-2020-15389,CVE-2020-15389/manual_anchor_review_template.csv,1077
szz10,model_io,CVE-2020-15389,CVE-2020-15389/parsed_selection.json,4917
szz10,model_io,CVE-2020-15389,CVE-2020-15389/parsed_szz_handoff.json,4917
szz10,candidate_inventory,CVE-2020-15389,CVE-2020-15389/pre_fix_candidate_inventory.json,765672
szz10,model_io,CVE-2020-15389,CVE-2020-15389/raw_response.txt,4751
szz10,model_io,CVE-2020-15389,CVE-2020-15389/raw_szz_handoff_response.txt,4751
szz10,other,CVE-2020-15389,CVE-2020-15389/report.md,436
szz10,other,CVE-2020-15389,CVE-2020-15389/resolved_anchors.json,9922
szz10,other,CVE-2020-15389,CVE-2020-15389/resolved_pre_fix_anchors.json,9922
szz10,prompt,CVE-2020-15389,CVE-2020-15389/szz_handoff_prompt.txt,58236
szz10,blame_trace,CVE-2020-19667,CVE-2020-19667/blame_trace.json,4760
szz10,candidate_commits,CVE-2020-19667,CVE-2020-19667/candidate_commits.json,1562
szz10,candidate_inventory,CVE-2020-19667,CVE-2020-19667/candidate_inventory.json,438820
szz10,candidate_inventory,CVE-2020-19667,CVE-2020-19667/compact_candidate_inventory.json,56839
szz10,contract_validation,CVE-2020-19667,CVE-2020-19667/contract_lint.json,2766
szz10,ingestion,CVE-2020-19667,CVE-2020-19667/ingestion_result.json,1742
szz10,other,CVE-2020-19667,CVE-2020-19667/manual_anchor_review_template.csv,349
szz10,model_io,CVE-2020-19667,CVE-2020-19667/parsed_selection.json,1982
szz10,model_io,CVE-2020-19667,CVE-2020-19667/parsed_szz_handoff.json,1982
szz10,candidate_inventory,CVE-2020-19667,CVE-2020-19667/pre_fix_candidate_inventory.json,438820
szz10,model_io,CVE-2020-19667,CVE-2020-19667/raw_response.txt,1774
szz10,model_io,CVE-2020-19667,CVE-2020-19667/raw_szz_handoff_response.txt,1774
szz10,other,CVE-2020-19667,CVE-2020-19667/report.md,436
szz10,other,CVE-2020-19667,CVE-2020-19667/resolved_anchors.json,1978
szz10,other,CVE-2020-19667,CVE-2020-19667/resolved_pre_fix_anchors.json,1978
szz10,prompt,CVE-2020-19667,CVE-2020-19667/szz_handoff_prompt.txt,54372
szz10,blame_trace,CVE-2020-1967,CVE-2020-1967/blame_trace.json,4701
szz10,candidate_commits,CVE-2020-1967,CVE-2020-1967/candidate_commits.json,1542
szz10,candidate_inventory,CVE-2020-1967,CVE-2020-1967/candidate_inventory.json,4248
szz10,candidate_inventory,CVE-2020-1967,CVE-2020-1967/compact_candidate_inventory.json,2216
szz10,contract_validation,CVE-2020-1967,CVE-2020-1967/contract_lint.json,2883
szz10,ingestion,CVE-2020-1967,CVE-2020-1967/ingestion_result.json,1738
szz10,other,CVE-2020-1967,CVE-2020-1967/manual_anchor_review_template.csv,348
szz10,model_io,CVE-2020-1967,CVE-2020-1967/parsed_selection.json,1799
szz10,model_io,CVE-2020-1967,CVE-2020-1967/parsed_szz_handoff.json,1799
szz10,candidate_inventory,CVE-2020-1967,CVE-2020-1967/pre_fix_candidate_inventory.json,4248
szz10,model_io,CVE-2020-1967,CVE-2020-1967/raw_response.txt,1813
szz10,model_io,CVE-2020-1967,CVE-2020-1967/raw_szz_handoff_response.txt,1813
szz10,other,CVE-2020-1967,CVE-2020-1967/report.md,432
szz10,other,CVE-2020-1967,CVE-2020-1967/resolved_anchors.json,2099
szz10,other,CVE-2020-1967,CVE-2020-1967/resolved_pre_fix_anchors.json,2099
szz10,prompt,CVE-2020-1967,CVE-2020-1967/szz_handoff_prompt.txt,11366
szz10,blame_trace,CVE-2020-8231,CVE-2020-8231/blame_trace.json,36283
szz10,candidate_commits,CVE-2020-8231,CVE-2020-8231/candidate_commits.json,12354
szz10,candidate_inventory,CVE-2020-8231,CVE-2020-8231/candidate_inventory.json,214494
szz10,candidate_inventory,CVE-2020-8231,CVE-2020-8231/compact_candidate_inventory.json,55996
szz10,contract_validation,CVE-2020-8231,CVE-2020-8231/contract_lint.json,19447
szz10,ingestion,CVE-2020-8231,CVE-2020-8231/ingestion_result.json,1742
szz10,other,CVE-2020-8231,CVE-2020-8231/manual_anchor_review_template.csv,1796
szz10,model_io,CVE-2020-8231,CVE-2020-8231/parsed_selection.json,8199
szz10,model_io,CVE-2020-8231,CVE-2020-8231/parsed_szz_handoff.json,8199
szz10,candidate_inventory,CVE-2020-8231,CVE-2020-8231/pre_fix_candidate_inventory.json,214494
szz10,model_io,CVE-2020-8231,CVE-2020-8231/raw_response.txt,7810
szz10,model_io,CVE-2020-8231,CVE-2020-8231/raw_szz_handoff_response.txt,7810
szz10,other,CVE-2020-8231,CVE-2020-8231/report.md,435
szz10,other,CVE-2020-8231,CVE-2020-8231/resolved_anchors.json,17370
szz10,other,CVE-2020-8231,CVE-2020-8231/resolved_pre_fix_anchors.json,17370
szz10,prompt,CVE-2020-8231,CVE-2020-8231/szz_handoff_prompt.txt,70040
szz10,blame_trace,CVE-2022-0171,CVE-2022-0171/blame_trace.json,8916
szz10,candidate_commits,CVE-2022-0171,CVE-2022-0171/candidate_commits.json,3099
szz10,candidate_inventory,CVE-2022-0171,CVE-2022-0171/candidate_inventory.json,836937
szz10,candidate_inventory,CVE-2022-0171,CVE-2022-0171/compact_candidate_inventory.json,59681
szz10,contract_validation,CVE-2022-0171,CVE-2022-0171/contract_lint.json,5230
szz10,ingestion,CVE-2022-0171,CVE-2022-0171/ingestion_result.json,1714
szz10,other,CVE-2022-0171,CVE-2022-0171/manual_anchor_review_template.csv,529
szz10,model_io,CVE-2022-0171,CVE-2022-0171/parsed_selection.json,3917
szz10,model_io,CVE-2022-0171,CVE-2022-0171/parsed_szz_handoff.json,3917
szz10,candidate_inventory,CVE-2022-0171,CVE-2022-0171/pre_fix_candidate_inventory.json,836937
szz10,model_io,CVE-2022-0171,CVE-2022-0171/raw_response.txt,3841
szz10,model_io,CVE-2022-0171,CVE-2022-0171/raw_szz_handoff_response.txt,3841
szz10,other,CVE-2022-0171,CVE-2022-0171/report.md,465
szz10,other,CVE-2022-0171,CVE-2022-0171/resolved_anchors.json,4286
szz10,other,CVE-2022-0171,CVE-2022-0171/resolved_pre_fix_anchors.json,4286
szz10,prompt,CVE-2022-0171,CVE-2022-0171/szz_handoff_prompt.txt,57841
szz10,blame_trace,CVE-2022-0286,CVE-2022-0286/blame_trace.json,9123
szz10,candidate_commits,CVE-2022-0286,CVE-2022-0286/candidate_commits.json,3189
szz10,candidate_inventory,CVE-2022-0286,CVE-2022-0286/candidate_inventory.json,51291
szz10,candidate_inventory,CVE-2022-0286,CVE-2022-0286/compact_candidate_inventory.json,41967
szz10,contract_validation,CVE-2022-0286,CVE-2022-0286/contract_lint.json,5084
szz10,ingestion,CVE-2022-0286,CVE-2022-0286/ingestion_result.json,1712
szz10,other,CVE-2022-0286,CVE-2022-0286/manual_anchor_review_template.csv,529
szz10,model_io,CVE-2022-0286,CVE-2022-0286/parsed_selection.json,2647
szz10,model_io,CVE-2022-0286,CVE-2022-0286/parsed_szz_handoff.json,2647
szz10,candidate_inventory,CVE-2022-0286,CVE-2022-0286/pre_fix_candidate_inventory.json,51291
szz10,model_io,CVE-2022-0286,CVE-2022-0286/raw_response.txt,2661
szz10,model_io,CVE-2022-0286,CVE-2022-0286/raw_szz_handoff_response.txt,2661
szz10,other,CVE-2022-0286,CVE-2022-0286/report.md,464
szz10,other,CVE-2022-0286,CVE-2022-0286/resolved_anchors.json,4140
szz10,other,CVE-2022-0286,CVE-2022-0286/resolved_pre_fix_anchors.json,4140
szz10,prompt,CVE-2022-0286,CVE-2022-0286/szz_handoff_prompt.txt,43117
szz30,other,,provenance_manifest.json,551
szz30,other,,report.md,1366
szz30,diagnostic_summary,,summary.json,82447
szz30,blame_trace,CVE-2020-10251,CVE-2020-10251/blame_trace.json,8928
szz30,candidate_commits,CVE-2020-10251,CVE-2020-10251/candidate_commits.json,3729
szz30,candidate_inventory,CVE-2020-10251,CVE-2020-10251/candidate_inventory.json,26155
szz30,candidate_inventory,CVE-2020-10251,CVE-2020-10251/compact_candidate_inventory.json,20683
szz30,contract_validation,CVE-2020-10251,CVE-2020-10251/contract_lint.json,5048
szz30,ingestion,CVE-2020-10251,CVE-2020-10251/ingestion_result.json,1833
szz30,other,CVE-2020-10251,CVE-2020-10251/manual_anchor_review_template.csv,531
szz30,model_io,CVE-2020-10251,CVE-2020-10251/parsed_selection.json,2977
szz30,model_io,CVE-2020-10251,CVE-2020-10251/parsed_szz_handoff.json,2977
szz30,candidate_inventory,CVE-2020-10251,CVE-2020-10251/pre_fix_candidate_inventory.json,26155
szz30,model_io,CVE-2020-10251,CVE-2020-10251/raw_response.txt,2902
szz30,model_io,CVE-2020-10251,CVE-2020-10251/raw_szz_handoff_response.txt,2902
szz30,other,CVE-2020-10251,CVE-2020-10251/report.md,435
szz30,other,CVE-2020-10251,CVE-2020-10251/resolved_anchors.json,4098
szz30,other,CVE-2020-10251,CVE-2020-10251/resolved_pre_fix_anchors.json,4098
szz30,prompt,CVE-2020-10251,CVE-2020-10251/szz_handoff_prompt.txt,27789
szz30,blame_trace,CVE-2020-10702,CVE-2020-10702/blame_trace.json,8555
szz30,candidate_commits,CVE-2020-10702,CVE-2020-10702/candidate_commits.json,3200
szz30,candidate_inventory,CVE-2020-10702,CVE-2020-10702/candidate_inventory.json,8118
szz30,candidate_inventory,CVE-2020-10702,CVE-2020-10702/compact_candidate_inventory.json,3636
szz30,contract_validation,CVE-2020-10702,CVE-2020-10702/contract_lint.json,4919
szz30,ingestion,CVE-2020-10702,CVE-2020-10702/ingestion_result.json,1823
szz30,other,CVE-2020-10702,CVE-2020-10702/manual_anchor_review_template.csv,531
szz30,model_io,CVE-2020-10702,CVE-2020-10702/parsed_selection.json,2745
szz30,model_io,CVE-2020-10702,CVE-2020-10702/parsed_szz_handoff.json,2745
szz30,candidate_inventory,CVE-2020-10702,CVE-2020-10702/pre_fix_candidate_inventory.json,8118
szz30,model_io,CVE-2020-10702,CVE-2020-10702/raw_response.txt,2669
szz30,model_io,CVE-2020-10702,CVE-2020-10702/raw_szz_handoff_response.txt,2669
szz30,other,CVE-2020-10702,CVE-2020-10702/report.md,433
szz30,other,CVE-2020-10702,CVE-2020-10702/resolved_anchors.json,3976
szz30,other,CVE-2020-10702,CVE-2020-10702/resolved_pre_fix_anchors.json,3976
szz30,prompt,CVE-2020-10702,CVE-2020-10702/szz_handoff_prompt.txt,14010
szz30,blame_trace,CVE-2020-11647,CVE-2020-11647/blame_trace.json,13530
szz30,candidate_commits,CVE-2020-11647,CVE-2020-11647/candidate_commits.json,5771
szz30,candidate_inventory,CVE-2020-11647,CVE-2020-11647/candidate_inventory.json,2109262
szz30,candidate_inventory,CVE-2020-11647,CVE-2020-11647/compact_candidate_inventory.json,63886
szz30,contract_validation,CVE-2020-11647,CVE-2020-11647/contract_lint.json,7629
szz30,ingestion,CVE-2020-11647,CVE-2020-11647/ingestion_result.json,1836
szz30,other,CVE-2020-11647,CVE-2020-11647/manual_anchor_review_template.csv,713
szz30,model_io,CVE-2020-11647,CVE-2020-11647/parsed_selection.json,3702
szz30,model_io,CVE-2020-11647,CVE-2020-11647/parsed_szz_handoff.json,3702
szz30,candidate_inventory,CVE-2020-11647,CVE-2020-11647/pre_fix_candidate_inventory.json,2109262
szz30,model_io,CVE-2020-11647,CVE-2020-11647/raw_response.txt,3581
szz30,model_io,CVE-2020-11647,CVE-2020-11647/raw_szz_handoff_response.txt,3581
szz30,other,CVE-2020-11647,CVE-2020-11647/report.md,437
szz30,other,CVE-2020-11647,CVE-2020-11647/resolved_anchors.json,6519
szz30,other,CVE-2020-11647,CVE-2020-11647/resolved_pre_fix_anchors.json,6519
szz30,prompt,CVE-2020-11647,CVE-2020-11647/szz_handoff_prompt.txt,65471
szz30,blame_trace,CVE-2020-11869,CVE-2020-11869/blame_trace.json,12695
szz30,candidate_commits,CVE-2020-11869,CVE-2020-11869/candidate_commits.json,5064
szz30,candidate_inventory,CVE-2020-11869,CVE-2020-11869/candidate_inventory.json,27557
szz30,candidate_inventory,CVE-2020-11869,CVE-2020-11869/compact_candidate_inventory.json,16368
szz30,contract_validation,CVE-2020-11869,CVE-2020-11869/contract_lint.json,7008
szz30,ingestion,CVE-2020-11869,CVE-2020-11869/ingestion_result.json,1827
szz30,other,CVE-2020-11869,CVE-2020-11869/manual_anchor_review_template.csv,713
szz30,model_io,CVE-2020-11869,CVE-2020-11869/parsed_selection.json,3892
szz30,model_io,CVE-2020-11869,CVE-2020-11869/parsed_szz_handoff.json,3892
szz30,candidate_inventory,CVE-2020-11869,CVE-2020-11869/pre_fix_candidate_inventory.json,27557
szz30,model_io,CVE-2020-11869,CVE-2020-11869/raw_response.txt,3906
szz30,model_io,CVE-2020-11869,CVE-2020-11869/raw_szz_handoff_response.txt,3906
szz30,other,CVE-2020-11869,CVE-2020-11869/report.md,435
szz30,other,CVE-2020-11869,CVE-2020-11869/resolved_anchors.json,5903
szz30,other,CVE-2020-11869,CVE-2020-11869/resolved_pre_fix_anchors.json,5903
szz30,prompt,CVE-2020-11869,CVE-2020-11869/szz_handoff_prompt.txt,33787
szz30,blame_trace,CVE-2020-11947,CVE-2020-11947/blame_trace.json,8417
szz30,candidate_commits,CVE-2020-11947,CVE-2020-11947/candidate_commits.json,3154
szz30,candidate_inventory,CVE-2020-11947,CVE-2020-11947/candidate_inventory.json,5866
szz30,candidate_inventory,CVE-2020-11947,CVE-2020-11947/compact_candidate_inventory.json,3624
szz30,contract_validation,CVE-2020-11947,CVE-2020-11947/contract_lint.json,5074
szz30,ingestion,CVE-2020-11947,CVE-2020-11947/ingestion_result.json,1823
szz30,other,CVE-2020-11947,CVE-2020-11947/manual_anchor_review_template.csv,531
szz30,model_io,CVE-2020-11947,CVE-2020-11947/parsed_selection.json,3034
szz30,model_io,CVE-2020-11947,CVE-2020-11947/parsed_szz_handoff.json,3034
szz30,candidate_inventory,CVE-2020-11947,CVE-2020-11947/pre_fix_candidate_inventory.json,5866
szz30,model_io,CVE-2020-11947,CVE-2020-11947/raw_response.txt,3048
szz30,model_io,CVE-2020-11947,CVE-2020-11947/raw_szz_handoff_response.txt,3048
szz30,other,CVE-2020-11947,CVE-2020-11947/report.md,433
szz30,other,CVE-2020-11947,CVE-2020-11947/resolved_anchors.json,4131
szz30,other,CVE-2020-11947,CVE-2020-11947/resolved_pre_fix_anchors.json,4131
szz30,prompt,CVE-2020-11947,CVE-2020-11947/szz_handoff_prompt.txt,13630
szz30,blame_trace,CVE-2020-11984,CVE-2020-11984/blame_trace.json,17291
szz30,candidate_commits,CVE-2020-11984,CVE-2020-11984/candidate_commits.json,7106
szz30,candidate_inventory,CVE-2020-11984,CVE-2020-11984/candidate_inventory.json,278298
szz30,candidate_inventory,CVE-2020-11984,CVE-2020-11984/compact_candidate_inventory.json,119344
szz30,contract_validation,CVE-2020-11984,CVE-2020-11984/contract_lint.json,9157
szz30,ingestion,CVE-2020-11984,CVE-2020-11984/ingestion_result.json,2208
szz30,other,CVE-2020-11984,CVE-2020-11984/manual_anchor_review_template.csv,895
szz30,model_io,CVE-2020-11984,CVE-2020-11984/parsed_selection.json,3874
szz30,model_io,CVE-2020-11984,CVE-2020-11984/parsed_szz_handoff.json,3874
szz30,candidate_inventory,CVE-2020-11984,CVE-2020-11984/pre_fix_candidate_inventory.json,278298
szz30,model_io,CVE-2020-11984,CVE-2020-11984/raw_response.txt,3328
szz30,model_io,CVE-2020-11984,CVE-2020-11984/raw_szz_handoff_response.txt,3328
szz30,other,CVE-2020-11984,CVE-2020-11984/report.md,437
szz30,other,CVE-2020-11984,CVE-2020-11984/resolved_anchors.json,7508
szz30,other,CVE-2020-11984,CVE-2020-11984/resolved_pre_fix_anchors.json,7508
szz30,prompt,CVE-2020-11984,CVE-2020-11984/szz_handoff_prompt.txt,111064
szz30,blame_trace,CVE-2020-11985,CVE-2020-11985/blame_trace.json,4805
szz30,candidate_commits,CVE-2020-11985,CVE-2020-11985/candidate_commits.json,1913
szz30,candidate_inventory,CVE-2020-11985,CVE-2020-11985/candidate_inventory.json,17951
szz30,candidate_inventory,CVE-2020-11985,CVE-2020-11985/compact_candidate_inventory.json,9960
szz30,contract_validation,CVE-2020-11985,CVE-2020-11985/contract_lint.json,3296
szz30,ingestion,CVE-2020-11985,CVE-2020-11985/ingestion_result.json,1824
szz30,other,CVE-2020-11985,CVE-2020-11985/manual_anchor_review_template.csv,349
szz30,model_io,CVE-2020-11985,CVE-2020-11985/parsed_selection.json,3259
szz30,model_io,CVE-2020-11985,CVE-2020-11985/parsed_szz_handoff.json,3259
szz30,candidate_inventory,CVE-2020-11985,CVE-2020-11985/pre_fix_candidate_inventory.json,17951
szz30,model_io,CVE-2020-11985,CVE-2020-11985/raw_response.txt,3273
szz30,model_io,CVE-2020-11985,CVE-2020-11985/raw_szz_handoff_response.txt,3273
szz30,other,CVE-2020-11985,CVE-2020-11985/report.md,433
szz30,other,CVE-2020-11985,CVE-2020-11985/resolved_anchors.json,2512
szz30,other,CVE-2020-11985,CVE-2020-11985/resolved_pre_fix_anchors.json,2512
szz30,prompt,CVE-2020-11985,CVE-2020-11985/szz_handoff_prompt.txt,19513
szz30,blame_trace,CVE-2020-11993,CVE-2020-11993/blame_trace.json,4757
szz30,candidate_commits,CVE-2020-11993,CVE-2020-11993/candidate_commits.json,1893
szz30,candidate_inventory,CVE-2020-11993,CVE-2020-11993/candidate_inventory.json,1096169
szz30,candidate_inventory,CVE-2020-11993,CVE-2020-11993/compact_candidate_inventory.json,112106
szz30,contract_validation,CVE-2020-11993,CVE-2020-11993/contract_lint.json,3327
szz30,ingestion,CVE-2020-11993,CVE-2020-11993/ingestion_result.json,2217
szz30,other,CVE-2020-11993,CVE-2020-11993/manual_anchor_review_template.csv,349
szz30,model_io,CVE-2020-11993,CVE-2020-11993/parsed_selection.json,3463
szz30,model_io,CVE-2020-11993,CVE-2020-11993/parsed_szz_handoff.json,3463
szz30,candidate_inventory,CVE-2020-11993,CVE-2020-11993/pre_fix_candidate_inventory.json,1096169
szz30,model_io,CVE-2020-11993,CVE-2020-11993/raw_response.txt,3477
szz30,model_io,CVE-2020-11993,CVE-2020-11993/raw_szz_handoff_response.txt,3477
szz30,other,CVE-2020-11993,CVE-2020-11993/report.md,437
szz30,other,CVE-2020-11993,CVE-2020-11993/resolved_anchors.json,2160
szz30,other,CVE-2020-11993,CVE-2020-11993/resolved_pre_fix_anchors.json,2160
szz30,prompt,CVE-2020-11993,CVE-2020-11993/szz_handoff_prompt.txt,101567
szz30,blame_trace,CVE-2020-12284,CVE-2020-12284/blame_trace.json,68572
szz30,candidate_commits,CVE-2020-12284,CVE-2020-12284/candidate_commits.json,27067
szz30,candidate_inventory,CVE-2020-12284,CVE-2020-12284/candidate_inventory.json,664405
szz30,candidate_inventory,CVE-2020-12284,CVE-2020-12284/compact_candidate_inventory.json,58928
szz30,contract_validation,CVE-2020-12284,CVE-2020-12284/contract_lint.json,67
szz30,other,CVE-2020-12284,CVE-2020-12284/fallback_resolved_pre_fix_anchors.json,30084
szz30,ingestion,CVE-2020-12284,CVE-2020-12284/ingestion_result.json,836
szz30,other,CVE-2020-12284,CVE-2020-12284/manual_anchor_review_template.csv,167
szz30,model_io,CVE-2020-12284,CVE-2020-12284/parsed_selection.json,3516
szz30,model_io,CVE-2020-12284,CVE-2020-12284/parsed_szz_handoff.json,3516
szz30,candidate_inventory,CVE-2020-12284,CVE-2020-12284/pre_fix_candidate_inventory.json,664405
szz30,model_io,CVE-2020-12284,CVE-2020-12284/raw_response.txt,3531
szz30,model_io,CVE-2020-12284,CVE-2020-12284/raw_szz_handoff_response.txt,3531
szz30,other,CVE-2020-12284,CVE-2020-12284/report.md,278
szz30,other,CVE-2020-12284,CVE-2020-12284/resolved_anchors.json,30084
szz30,other,CVE-2020-12284,CVE-2020-12284/resolved_pre_fix_anchors.json,30084
szz30,prompt,CVE-2020-12284,CVE-2020-12284/szz_handoff_prompt.txt,60715
szz30,blame_trace,CVE-2020-13164,CVE-2020-13164/blame_trace.json,12941
szz30,candidate_commits,CVE-2020-13164,CVE-2020-13164/candidate_commits.json,5117
szz30,candidate_inventory,CVE-2020-13164,CVE-2020-13164/candidate_inventory.json,4263088
szz30,candidate_inventory,CVE-2020-13164,CVE-2020-13164/compact_candidate_inventory.json,59853
szz30,contract_validation,CVE-2020-13164,CVE-2020-13164/contract_lint.json,7232
szz30,ingestion,CVE-2020-13164,CVE-2020-13164/ingestion_result.json,1836
szz30,other,CVE-2020-13164,CVE-2020-13164/manual_anchor_review_template.csv,713
szz30,model_io,CVE-2020-13164,CVE-2020-13164/parsed_selection.json,3796
szz30,model_io,CVE-2020-13164,CVE-2020-13164/parsed_szz_handoff.json,3796
szz30,candidate_inventory,CVE-2020-13164,CVE-2020-13164/pre_fix_candidate_inventory.json,4263088
szz30,model_io,CVE-2020-13164,CVE-2020-13164/raw_response.txt,3676
szz30,model_io,CVE-2020-13164,CVE-2020-13164/raw_szz_handoff_response.txt,3676
szz30,other,CVE-2020-13164,CVE-2020-13164/report.md,437
szz30,other,CVE-2020-13164,CVE-2020-13164/resolved_anchors.json,6122
szz30,other,CVE-2020-13164,CVE-2020-13164/resolved_pre_fix_anchors.json,6122
szz30,prompt,CVE-2020-13164,CVE-2020-13164/szz_handoff_prompt.txt,60823
szz30,blame_trace,CVE-2020-13904,CVE-2020-13904/blame_trace.json,367380
szz30,candidate_commits,CVE-2020-13904,CVE-2020-13904/candidate_commits.json,161310
szz30,candidate_inventory,CVE-2020-13904,CVE-2020-13904/candidate_inventory.json,4969477
szz30,contract_validation,CVE-2020-13904,CVE-2020-13904/contract_lint.json,67
szz30,other,CVE-2020-13904,CVE-2020-13904/fallback_resolved_pre_fix_anchors.json,144571
szz30,ingestion,CVE-2020-13904,CVE-2020-13904/ingestion_result.json,1940
szz30,other,CVE-2020-13904,CVE-2020-13904/report.md,279
szz30,other,CVE-2020-13904,CVE-2020-13904/resolved_anchors.json,144571
szz30,other,CVE-2020-13904,CVE-2020-13904/resolved_pre_fix_anchors.json,144571
szz30,blame_trace,CVE-2020-14212,CVE-2020-14212/blame_trace.json,52328
szz30,candidate_commits,CVE-2020-14212,CVE-2020-14212/candidate_commits.json,23316
szz30,candidate_inventory,CVE-2020-14212,CVE-2020-14212/candidate_inventory.json,1249581
szz30,candidate_inventory,CVE-2020-14212,CVE-2020-14212/compact_candidate_inventory.json,65117
szz30,contract_validation,CVE-2020-14212,CVE-2020-14212/contract_lint.json,67
szz30,other,CVE-2020-14212,CVE-2020-14212/fallback_resolved_pre_fix_anchors.json,21030
szz30,ingestion,CVE-2020-14212,CVE-2020-14212/ingestion_result.json,766
szz30,other,CVE-2020-14212,CVE-2020-14212/manual_anchor_review_template.csv,349
szz30,model_io,CVE-2020-14212,CVE-2020-14212/parsed_selection.json,3017
szz30,model_io,CVE-2020-14212,CVE-2020-14212/parsed_szz_handoff.json,3017
szz30,candidate_inventory,CVE-2020-14212,CVE-2020-14212/pre_fix_candidate_inventory.json,1249581
szz30,model_io,CVE-2020-14212,CVE-2020-14212/raw_response.txt,2923
szz30,model_io,CVE-2020-14212,CVE-2020-14212/raw_szz_handoff_response.txt,2923
szz30,other,CVE-2020-14212,CVE-2020-14212/report.md,278
szz30,other,CVE-2020-14212,CVE-2020-14212/resolved_anchors.json,21030
szz30,other,CVE-2020-14212,CVE-2020-14212/resolved_pre_fix_anchors.json,21030
szz30,prompt,CVE-2020-14212,CVE-2020-14212/szz_handoff_prompt.txt,64990
szz30,blame_trace,CVE-2020-15389,CVE-2020-15389/blame_trace.json,17327
szz30,candidate_commits,CVE-2020-15389,CVE-2020-15389/candidate_commits.json,7072
szz30,candidate_inventory,CVE-2020-15389,CVE-2020-15389/candidate_inventory.json,765672
szz30,candidate_inventory,CVE-2020-15389,CVE-2020-15389/compact_candidate_inventory.json,58923
szz30,contract_validation,CVE-2020-15389,CVE-2020-15389/contract_lint.json,9106
szz30,ingestion,CVE-2020-15389,CVE-2020-15389/ingestion_result.json,1832
szz30,other,CVE-2020-15389,CVE-2020-15389/manual_anchor_review_template.csv,895
szz30,model_io,CVE-2020-15389,CVE-2020-15389/parsed_selection.json,4350
szz30,model_io,CVE-2020-15389,CVE-2020-15389/parsed_szz_handoff.json,4350
szz30,candidate_inventory,CVE-2020-15389,CVE-2020-15389/pre_fix_candidate_inventory.json,765672
szz30,model_io,CVE-2020-15389,CVE-2020-15389/raw_response.txt,4364
szz30,model_io,CVE-2020-15389,CVE-2020-15389/raw_szz_handoff_response.txt,4364
szz30,other,CVE-2020-15389,CVE-2020-15389/report.md,436
szz30,other,CVE-2020-15389,CVE-2020-15389/resolved_anchors.json,7843
szz30,other,CVE-2020-15389,CVE-2020-15389/resolved_pre_fix_anchors.json,7843
szz30,prompt,CVE-2020-15389,CVE-2020-15389/szz_handoff_prompt.txt,59914
szz30,blame_trace,CVE-2020-15466,CVE-2020-15466/blame_trace.json,25640
szz30,candidate_commits,CVE-2020-15466,CVE-2020-15466/candidate_commits.json,11117
szz30,candidate_inventory,CVE-2020-15466,CVE-2020-15466/candidate_inventory.json,100268
szz30,candidate_inventory,CVE-2020-15466,CVE-2020-15466/compact_candidate_inventory.json,60039
szz30,contract_validation,CVE-2020-15466,CVE-2020-15466/contract_lint.json,67
szz30,other,CVE-2020-15466,CVE-2020-15466/fallback_resolved_pre_fix_anchors.json,10132
szz30,ingestion,CVE-2020-15466,CVE-2020-15466/ingestion_result.json,696
szz30,other,CVE-2020-15466,CVE-2020-15466/manual_anchor_review_template.csv,167
szz30,model_io,CVE-2020-15466,CVE-2020-15466/parsed_selection.json,2865
szz30,model_io,CVE-2020-15466,CVE-2020-15466/parsed_szz_handoff.json,2865
szz30,candidate_inventory,CVE-2020-15466,CVE-2020-15466/pre_fix_candidate_inventory.json,100268
szz30,model_io,CVE-2020-15466,CVE-2020-15466/raw_response.txt,2879
szz30,model_io,CVE-2020-15466,CVE-2020-15466/raw_szz_handoff_response.txt,2879
szz30,other,CVE-2020-15466,CVE-2020-15466/report.md,278
szz30,other,CVE-2020-15466,CVE-2020-15466/resolved_anchors.json,10132
szz30,other,CVE-2020-15466,CVE-2020-15466/resolved_pre_fix_anchors.json,10132
szz30,prompt,CVE-2020-15466,CVE-2020-15466/szz_handoff_prompt.txt,60960
szz30,blame_trace,CVE-2020-19667,CVE-2020-19667/blame_trace.json,26503
szz30,candidate_commits,CVE-2020-19667,CVE-2020-19667/candidate_commits.json,12121
szz30,candidate_inventory,CVE-2020-19667,CVE-2020-19667/candidate_inventory.json,426814
szz30,contract_validation,CVE-2020-19667,CVE-2020-19667/contract_lint.json,67
szz30,other,CVE-2020-19667,CVE-2020-19667/fallback_resolved_pre_fix_anchors.json,9556
szz30,ingestion,CVE-2020-19667,CVE-2020-19667/ingestion_result.json,699
szz30,other,CVE-2020-19667,CVE-2020-19667/report.md,278
szz30,other,CVE-2020-19667,CVE-2020-19667/resolved_anchors.json,9556
szz30,other,CVE-2020-19667,CVE-2020-19667/resolved_pre_fix_anchors.json,9556
szz30,blame_trace,CVE-2020-1967,CVE-2020-1967/blame_trace.json,4701
szz30,candidate_commits,CVE-2020-1967,CVE-2020-1967/candidate_commits.json,1869
szz30,candidate_inventory,CVE-2020-1967,CVE-2020-1967/candidate_inventory.json,4248
szz30,candidate_inventory,CVE-2020-1967,CVE-2020-1967/compact_candidate_inventory.json,2216
szz30,contract_validation,CVE-2020-1967,CVE-2020-1967/contract_lint.json,2959
szz30,ingestion,CVE-2020-1967,CVE-2020-1967/ingestion_result.json,1824
szz30,other,CVE-2020-1967,CVE-2020-1967/manual_anchor_review_template.csv,348
szz30,model_io,CVE-2020-1967,CVE-2020-1967/parsed_selection.json,2363
szz30,model_io,CVE-2020-1967,CVE-2020-1967/parsed_szz_handoff.json,2363
szz30,candidate_inventory,CVE-2020-1967,CVE-2020-1967/pre_fix_candidate_inventory.json,4248
szz30,model_io,CVE-2020-1967,CVE-2020-1967/raw_response.txt,2377
szz30,model_io,CVE-2020-1967,CVE-2020-1967/raw_szz_handoff_response.txt,2377
szz30,other,CVE-2020-1967,CVE-2020-1967/report.md,432
szz30,other,CVE-2020-1967,CVE-2020-1967/resolved_anchors.json,2173
szz30,other,CVE-2020-1967,CVE-2020-1967/resolved_pre_fix_anchors.json,2173
szz30,prompt,CVE-2020-1967,CVE-2020-1967/szz_handoff_prompt.txt,12462
szz30,blame_trace,CVE-2020-1971,CVE-2020-1971/blame_trace.json,25482
szz30,candidate_commits,CVE-2020-1971,CVE-2020-1971/candidate_commits.json,11140
szz30,candidate_inventory,CVE-2020-1971,CVE-2020-1971/candidate_inventory.json,23563
szz30,candidate_inventory,CVE-2020-1971,CVE-2020-1971/compact_candidate_inventory.json,12468
szz30,contract_validation,CVE-2020-1971,CVE-2020-1971/contract_lint.json,67
szz30,other,CVE-2020-1971,CVE-2020-1971/fallback_resolved_pre_fix_anchors.json,9956
szz30,ingestion,CVE-2020-1971,CVE-2020-1971/ingestion_result.json,692
szz30,other,CVE-2020-1971,CVE-2020-1971/manual_anchor_review_template.csv,710
szz30,model_io,CVE-2020-1971,CVE-2020-1971/parsed_selection.json,4939
szz30,model_io,CVE-2020-1971,CVE-2020-1971/parsed_szz_handoff.json,4939
szz30,candidate_inventory,CVE-2020-1971,CVE-2020-1971/pre_fix_candidate_inventory.json,23563
szz30,model_io,CVE-2020-1971,CVE-2020-1971/raw_response.txt,4462
szz30,model_io,CVE-2020-1971,CVE-2020-1971/raw_szz_handoff_response.txt,4462
szz30,other,CVE-2020-1971,CVE-2020-1971/report.md,277
szz30,other,CVE-2020-1971,CVE-2020-1971/resolved_anchors.json,9956
szz30,other,CVE-2020-1971,CVE-2020-1971/resolved_pre_fix_anchors.json,9956
szz30,prompt,CVE-2020-1971,CVE-2020-1971/szz_handoff_prompt.txt,28233
szz30,blame_trace,CVE-2020-25663,CVE-2020-25663/blame_trace.json,9046
szz30,candidate_commits,CVE-2020-25663,CVE-2020-25663/candidate_commits.json,3776
szz30,candidate_inventory,CVE-2020-25663,CVE-2020-25663/candidate_inventory.json,581641
szz30,candidate_inventory,CVE-2020-25663,CVE-2020-25663/compact_candidate_inventory.json,59017
szz30,contract_validation,CVE-2020-25663,CVE-2020-25663/contract_lint.json,5293
szz30,ingestion,CVE-2020-25663,CVE-2020-25663/ingestion_result.json,1836
szz30,other,CVE-2020-25663,CVE-2020-25663/manual_anchor_review_template.csv,531
szz30,model_io,CVE-2020-25663,CVE-2020-25663/parsed_selection.json,3299
szz30,model_io,CVE-2020-25663,CVE-2020-25663/parsed_szz_handoff.json,3299
szz30,candidate_inventory,CVE-2020-25663,CVE-2020-25663/pre_fix_candidate_inventory.json,581641
szz30,model_io,CVE-2020-25663,CVE-2020-25663/raw_response.txt,3242
szz30,model_io,CVE-2020-25663,CVE-2020-25663/raw_szz_handoff_response.txt,3242
szz30,other,CVE-2020-25663,CVE-2020-25663/report.md,436
szz30,other,CVE-2020-25663,CVE-2020-25663/resolved_anchors.json,4347
szz30,other,CVE-2020-25663,CVE-2020-25663/resolved_pre_fix_anchors.json,4347
szz30,prompt,CVE-2020-25663,CVE-2020-25663/szz_handoff_prompt.txt,59093
szz30,blame_trace,CVE-2020-27814,CVE-2020-27814/blame_trace.json,77
szz30,candidate_commits,CVE-2020-27814,CVE-2020-27814/candidate_commits.json,2
szz30,candidate_inventory,CVE-2020-27814,CVE-2020-27814/candidate_inventory.json,213
szz30,ingestion,CVE-2020-27814,CVE-2020-27814/ingestion_result.json,537
szz30,other,CVE-2020-27814,CVE-2020-27814/report.md,299
szz30,other,CVE-2020-27814,CVE-2020-27814/resolved_anchors.json,2
szz30,other,CVE-2020-27814,CVE-2020-27814/resolved_pre_fix_anchors.json,2
szz30,blame_trace,CVE-2020-27823,CVE-2020-27823/blame_trace.json,8605
szz30,candidate_commits,CVE-2020-27823,CVE-2020-27823/candidate_commits.json,3198
szz30,candidate_inventory,CVE-2020-27823,CVE-2020-27823/candidate_inventory.json,6057
szz30,candidate_inventory,CVE-2020-27823,CVE-2020-27823/compact_candidate_inventory.json,3740
szz30,contract_validation,CVE-2020-27823,CVE-2020-27823/contract_lint.json,4955
szz30,ingestion,CVE-2020-27823,CVE-2020-27823/ingestion_result.json,1827
szz30,other,CVE-2020-27823,CVE-2020-27823/manual_anchor_review_template.csv,531
szz30,model_io,CVE-2020-27823,CVE-2020-27823/parsed_selection.json,2721
szz30,model_io,CVE-2020-27823,CVE-2020-27823/parsed_szz_handoff.json,2721
szz30,candidate_inventory,CVE-2020-27823,CVE-2020-27823/pre_fix_candidate_inventory.json,6057
szz30,model_io,CVE-2020-27823,CVE-2020-27823/raw_response.txt,2735
szz30,model_io,CVE-2020-27823,CVE-2020-27823/raw_szz_handoff_response.txt,2735
szz30,other,CVE-2020-27823,CVE-2020-27823/report.md,433
szz30,other,CVE-2020-27823,CVE-2020-27823/resolved_anchors.json,4008
szz30,other,CVE-2020-27823,CVE-2020-27823/resolved_pre_fix_anchors.json,4008
szz30,prompt,CVE-2020-27823,CVE-2020-27823/szz_handoff_prompt.txt,14008
szz30,blame_trace,CVE-2020-8169,CVE-2020-8169/blame_trace.json,28373
szz30,candidate_commits,CVE-2020-8169,CVE-2020-8169/candidate_commits.json,14036
szz30,candidate_inventory,CVE-2020-8169,CVE-2020-8169/candidate_inventory.json,18947
szz30,candidate_inventory,CVE-2020-8169,CVE-2020-8169/compact_candidate_inventory.json,11981
szz30,contract_validation,CVE-2020-8169,CVE-2020-8169/contract_lint.json,67
szz30,other,CVE-2020-8169,CVE-2020-8169/fallback_resolved_pre_fix_anchors.json,9672
szz30,ingestion,CVE-2020-8169,CVE-2020-8169/ingestion_result.json,689
szz30,other,CVE-2020-8169,CVE-2020-8169/parse_error.json,794
szz30,candidate_inventory,CVE-2020-8169,CVE-2020-8169/pre_fix_candidate_inventory.json,18947
szz30,model_io,CVE-2020-8169,CVE-2020-8169/raw_response.txt,1
szz30,model_io,CVE-2020-8169,CVE-2020-8169/raw_szz_handoff_response.txt,1
szz30,other,CVE-2020-8169,CVE-2020-8169/report.md,277
szz30,other,CVE-2020-8169,CVE-2020-8169/resolved_anchors.json,9672
szz30,other,CVE-2020-8169,CVE-2020-8169/resolved_pre_fix_anchors.json,9672
szz30,prompt,CVE-2020-8169,CVE-2020-8169/szz_handoff_prompt.txt,20212
szz30,blame_trace,CVE-2020-8177,CVE-2020-8177/blame_trace.json,13097
szz30,candidate_commits,CVE-2020-8177,CVE-2020-8177/candidate_commits.json,5637
szz30,candidate_inventory,CVE-2020-8177,CVE-2020-8177/candidate_inventory.json,2785880
szz30,candidate_inventory,CVE-2020-8177,CVE-2020-8177/compact_candidate_inventory.json,57111
szz30,contract_validation,CVE-2020-8177,CVE-2020-8177/contract_lint.json,7128
szz30,ingestion,CVE-2020-8177,CVE-2020-8177/ingestion_result.json,1829
szz30,other,CVE-2020-8177,CVE-2020-8177/manual_anchor_review_template.csv,710
szz30,model_io,CVE-2020-8177,CVE-2020-8177/parsed_selection.json,3841
szz30,model_io,CVE-2020-8177,CVE-2020-8177/parsed_szz_handoff.json,3841
szz30,candidate_inventory,CVE-2020-8177,CVE-2020-8177/pre_fix_candidate_inventory.json,2785880
szz30,model_io,CVE-2020-8177,CVE-2020-8177/raw_response.txt,3729
szz30,model_io,CVE-2020-8177,CVE-2020-8177/raw_szz_handoff_response.txt,3729
szz30,other,CVE-2020-8177,CVE-2020-8177/report.md,436
szz30,other,CVE-2020-8177,CVE-2020-8177/resolved_anchors.json,6025
szz30,other,CVE-2020-8177,CVE-2020-8177/resolved_pre_fix_anchors.json,6025
szz30,prompt,CVE-2020-8177,CVE-2020-8177/szz_handoff_prompt.txt,58231
szz30,blame_trace,CVE-2020-8231,CVE-2020-8231/blame_trace.json,12590
szz30,candidate_commits,CVE-2020-8231,CVE-2020-8231/candidate_commits.json,5034
szz30,candidate_inventory,CVE-2020-8231,CVE-2020-8231/candidate_inventory.json,214494
szz30,candidate_inventory,CVE-2020-8231,CVE-2020-8231/compact_candidate_inventory.json,55996
szz30,contract_validation,CVE-2020-8231,CVE-2020-8231/contract_lint.json,7239
szz30,ingestion,CVE-2020-8231,CVE-2020-8231/ingestion_result.json,1827
szz30,other,CVE-2020-8231,CVE-2020-8231/manual_anchor_review_template.csv,710
szz30,model_io,CVE-2020-8231,CVE-2020-8231/parsed_selection.json,4338
szz30,model_io,CVE-2020-8231,CVE-2020-8231/parsed_szz_handoff.json,4338
szz30,candidate_inventory,CVE-2020-8231,CVE-2020-8231/pre_fix_candidate_inventory.json,214494
szz30,model_io,CVE-2020-8231,CVE-2020-8231/raw_response.txt,4352
szz30,model_io,CVE-2020-8231,CVE-2020-8231/raw_szz_handoff_response.txt,4352
szz30,other,CVE-2020-8231,CVE-2020-8231/report.md,435
szz30,other,CVE-2020-8231,CVE-2020-8231/resolved_anchors.json,6140
szz30,other,CVE-2020-8231,CVE-2020-8231/resolved_pre_fix_anchors.json,6140
szz30,prompt,CVE-2020-8231,CVE-2020-8231/szz_handoff_prompt.txt,60796
szz30,blame_trace,CVE-2021-23840,CVE-2021-23840/blame_trace.json,9027
szz30,candidate_commits,CVE-2021-23840,CVE-2021-23840/candidate_commits.json,3805
szz30,candidate_inventory,CVE-2021-23840,CVE-2021-23840/candidate_inventory.json,335393
szz30,candidate_inventory,CVE-2021-23840,CVE-2021-23840/compact_candidate_inventory.json,61168
szz30,contract_validation,CVE-2021-23840,CVE-2021-23840/contract_lint.json,5302
szz30,ingestion,CVE-2021-23840,CVE-2021-23840/ingestion_result.json,1832
szz30,other,CVE-2021-23840,CVE-2021-23840/manual_anchor_review_template.csv,531
szz30,model_io,CVE-2021-23840,CVE-2021-23840/parsed_selection.json,3194
szz30,model_io,CVE-2021-23840,CVE-2021-23840/parsed_szz_handoff.json,3194
szz30,candidate_inventory,CVE-2021-23840,CVE-2021-23840/pre_fix_candidate_inventory.json,335393
szz30,model_io,CVE-2021-23840,CVE-2021-23840/raw_response.txt,3208
szz30,model_io,CVE-2021-23840,CVE-2021-23840/raw_szz_handoff_response.txt,3208
szz30,other,CVE-2021-23840,CVE-2021-23840/report.md,436
szz30,other,CVE-2021-23840,CVE-2021-23840/resolved_anchors.json,4356
szz30,other,CVE-2021-23840,CVE-2021-23840/resolved_pre_fix_anchors.json,4356
szz30,prompt,CVE-2021-23840,CVE-2021-23840/szz_handoff_prompt.txt,64652
szz30,blame_trace,CVE-2022-0171,CVE-2022-0171/blame_trace.json,12835
szz30,candidate_commits,CVE-2022-0171,CVE-2022-0171/candidate_commits.json,5156
szz30,candidate_inventory,CVE-2022-0171,CVE-2022-0171/candidate_inventory.json,836937
szz30,candidate_inventory,CVE-2022-0171,CVE-2022-0171/compact_candidate_inventory.json,59579
szz30,contract_validation,CVE-2022-0171,CVE-2022-0171/contract_lint.json,7520
szz30,ingestion,CVE-2022-0171,CVE-2022-0171/ingestion_result.json,1865
szz30,other,CVE-2022-0171,CVE-2022-0171/manual_anchor_review_template.csv,710
szz30,model_io,CVE-2022-0171,CVE-2022-0171/parsed_selection.json,4593
szz30,model_io,CVE-2022-0171,CVE-2022-0171/parsed_szz_handoff.json,4593
szz30,candidate_inventory,CVE-2022-0171,CVE-2022-0171/pre_fix_candidate_inventory.json,836937
szz30,model_io,CVE-2022-0171,CVE-2022-0171/raw_response.txt,4472
szz30,model_io,CVE-2022-0171,CVE-2022-0171/raw_szz_handoff_response.txt,4472
szz30,other,CVE-2022-0171,CVE-2022-0171/report.md,435
szz30,other,CVE-2022-0171,CVE-2022-0171/resolved_anchors.json,6378
szz30,other,CVE-2022-0171,CVE-2022-0171/resolved_pre_fix_anchors.json,6378
szz30,prompt,CVE-2022-0171,CVE-2022-0171/szz_handoff_prompt.txt,61520
szz30,blame_trace,CVE-2022-0185,CVE-2022-0185/blame_trace.json,4697
szz30,candidate_commits,CVE-2022-0185,CVE-2022-0185/candidate_commits.json,1873
szz30,candidate_inventory,CVE-2022-0185,CVE-2022-0185/candidate_inventory.json,4212
szz30,candidate_inventory,CVE-2022-0185,CVE-2022-0185/compact_candidate_inventory.json,2207
szz30,contract_validation,CVE-2022-0185,CVE-2022-0185/contract_lint.json,2777
szz30,ingestion,CVE-2022-0185,CVE-2022-0185/ingestion_result.json,1815
szz30,other,CVE-2022-0185,CVE-2022-0185/manual_anchor_review_template.csv,348
szz30,model_io,CVE-2022-0185,CVE-2022-0185/parsed_selection.json,1909
szz30,model_io,CVE-2022-0185,CVE-2022-0185/parsed_szz_handoff.json,1909
szz30,candidate_inventory,CVE-2022-0185,CVE-2022-0185/pre_fix_candidate_inventory.json,4212
szz30,model_io,CVE-2022-0185,CVE-2022-0185/raw_response.txt,1701
szz30,model_io,CVE-2022-0185,CVE-2022-0185/raw_szz_handoff_response.txt,1701
szz30,other,CVE-2022-0185,CVE-2022-0185/report.md,432
szz30,other,CVE-2022-0185,CVE-2022-0185/resolved_anchors.json,1995
szz30,other,CVE-2022-0185,CVE-2022-0185/resolved_pre_fix_anchors.json,1995
szz30,prompt,CVE-2022-0185,CVE-2022-0185/szz_handoff_prompt.txt,12088
szz30,blame_trace,CVE-2022-0264,CVE-2022-0264/blame_trace.json,4739
szz30,candidate_commits,CVE-2022-0264,CVE-2022-0264/candidate_commits.json,1887
szz30,candidate_inventory,CVE-2022-0264,CVE-2022-0264/candidate_inventory.json,7671
szz30,candidate_inventory,CVE-2022-0264,CVE-2022-0264/compact_candidate_inventory.json,5154
szz30,contract_validation,CVE-2022-0264,CVE-2022-0264/contract_lint.json,2934
szz30,ingestion,CVE-2022-0264,CVE-2022-0264/ingestion_result.json,1822
szz30,other,CVE-2022-0264,CVE-2022-0264/manual_anchor_review_template.csv,348
szz30,model_io,CVE-2022-0264,CVE-2022-0264/parsed_selection.json,2610
szz30,model_io,CVE-2022-0264,CVE-2022-0264/parsed_szz_handoff.json,2610
szz30,candidate_inventory,CVE-2022-0264,CVE-2022-0264/pre_fix_candidate_inventory.json,7671
szz30,model_io,CVE-2022-0264,CVE-2022-0264/raw_response.txt,2624
szz30,model_io,CVE-2022-0264,CVE-2022-0264/raw_szz_handoff_response.txt,2624
szz30,other,CVE-2022-0264,CVE-2022-0264/report.md,432
szz30,other,CVE-2022-0264,CVE-2022-0264/resolved_anchors.json,2154
szz30,other,CVE-2022-0264,CVE-2022-0264/resolved_pre_fix_anchors.json,2154
szz30,prompt,CVE-2022-0264,CVE-2022-0264/szz_handoff_prompt.txt,16895
szz30,blame_trace,CVE-2022-0286,CVE-2022-0286/blame_trace.json,9078
szz30,candidate_commits,CVE-2022-0286,CVE-2022-0286/candidate_commits.json,3813
szz30,candidate_inventory,CVE-2022-0286,CVE-2022-0286/candidate_inventory.json,51291
szz30,candidate_inventory,CVE-2022-0286,CVE-2022-0286/compact_candidate_inventory.json,41967
szz30,contract_validation,CVE-2022-0286,CVE-2022-0286/contract_lint.json,5178
szz30,ingestion,CVE-2022-0286,CVE-2022-0286/ingestion_result.json,1826
szz30,other,CVE-2022-0286,CVE-2022-0286/manual_anchor_review_template.csv,529
szz30,model_io,CVE-2022-0286,CVE-2022-0286/parsed_selection.json,2736
szz30,model_io,CVE-2022-0286,CVE-2022-0286/parsed_szz_handoff.json,2736
szz30,candidate_inventory,CVE-2022-0286,CVE-2022-0286/pre_fix_candidate_inventory.json,51291
szz30,model_io,CVE-2022-0286,CVE-2022-0286/raw_response.txt,2642
szz30,model_io,CVE-2022-0286,CVE-2022-0286/raw_szz_handoff_response.txt,2642
szz30,other,CVE-2022-0286,CVE-2022-0286/report.md,434
szz30,other,CVE-2022-0286,CVE-2022-0286/resolved_anchors.json,4230
szz30,other,CVE-2022-0286,CVE-2022-0286/resolved_pre_fix_anchors.json,4230
szz30,prompt,CVE-2022-0286,CVE-2022-0286/szz_handoff_prompt.txt,44164
szz30,blame_trace,CVE-2022-0322,CVE-2022-0322/blame_trace.json,4757
szz30,candidate_commits,CVE-2022-0322,CVE-2022-0322/candidate_commits.json,1893
szz30,candidate_inventory,CVE-2022-0322,CVE-2022-0322/candidate_inventory.json,4284
szz30,candidate_inventory,CVE-2022-0322,CVE-2022-0322/compact_candidate_inventory.json,2270
szz30,contract_validation,CVE-2022-0322,CVE-2022-0322/contract_lint.json,3093
szz30,ingestion,CVE-2022-0322,CVE-2022-0322/ingestion_result.json,1815
szz30,other,CVE-2022-0322,CVE-2022-0322/manual_anchor_review_template.csv,348
szz30,model_io,CVE-2022-0322,CVE-2022-0322/parsed_selection.json,2485
szz30,model_io,CVE-2022-0322,CVE-2022-0322/parsed_szz_handoff.json,2485
szz30,candidate_inventory,CVE-2022-0322,CVE-2022-0322/pre_fix_candidate_inventory.json,4284
szz30,model_io,CVE-2022-0322,CVE-2022-0322/raw_response.txt,2259
szz30,model_io,CVE-2022-0322,CVE-2022-0322/raw_szz_handoff_response.txt,2259
szz30,other,CVE-2022-0322,CVE-2022-0322/report.md,432
szz30,other,CVE-2022-0322,CVE-2022-0322/resolved_anchors.json,2311
szz30,other,CVE-2022-0322,CVE-2022-0322/resolved_pre_fix_anchors.json,2311
szz30,prompt,CVE-2022-0322,CVE-2022-0322/szz_handoff_prompt.txt,13510
szz30,blame_trace,CVE-2022-0433,CVE-2022-0433/blame_trace.json,26723
szz30,candidate_commits,CVE-2022-0433,CVE-2022-0433/candidate_commits.json,12282
szz30,candidate_inventory,CVE-2022-0433,CVE-2022-0433/candidate_inventory.json,23517
szz30,candidate_inventory,CVE-2022-0433,CVE-2022-0433/compact_candidate_inventory.json,16265
szz30,contract_validation,CVE-2022-0433,CVE-2022-0433/contract_lint.json,67
szz30,other,CVE-2022-0433,CVE-2022-0433/fallback_resolved_pre_fix_anchors.json,9735
szz30,ingestion,CVE-2022-0433,CVE-2022-0433/ingestion_result.json,691
szz30,other,CVE-2022-0433,CVE-2022-0433/manual_anchor_review_template.csv,167
szz30,model_io,CVE-2022-0433,CVE-2022-0433/parsed_selection.json,2380
szz30,model_io,CVE-2022-0433,CVE-2022-0433/parsed_szz_handoff.json,2380
szz30,candidate_inventory,CVE-2022-0433,CVE-2022-0433/pre_fix_candidate_inventory.json,23517
szz30,model_io,CVE-2022-0433,CVE-2022-0433/raw_response.txt,2340
szz30,model_io,CVE-2022-0433,CVE-2022-0433/raw_szz_handoff_response.txt,2340
szz30,other,CVE-2022-0433,CVE-2022-0433/report.md,277
szz30,other,CVE-2022-0433,CVE-2022-0433/resolved_anchors.json,9735
szz30,other,CVE-2022-0433,CVE-2022-0433/resolved_pre_fix_anchors.json,9735
szz30,prompt,CVE-2022-0433,CVE-2022-0433/szz_handoff_prompt.txt,26059
version10,other,,error_attribution.md,2522
version10,diagnostic_summary,,per_candidate_probe.json,438820
version10,diagnostic_summary,,per_cve_version_probe.csv,44169
version10,other,,provenance_manifest.json,552
version10,diagnostic_summary,,ranking_diagnostics.json,387914
version10,other,,report.md,3682
version10,diagnostic_summary,,schema_diagnostics.json,202743
version10,diagnostic_summary,,summary.json,8310
version10,diagnostic_summary,,tag_universe_diagnostics.json,7919
version30,other,,error_attribution.md,6922
version30,diagnostic_summary,,per_candidate_probe.json,1603013
version30,diagnostic_summary,,per_cve_version_probe.csv,121088
version30,other,,provenance_manifest.json,561
version30,diagnostic_summary,,ranking_diagnostics.json,993472
version30,other,,report.md,7857
version30,diagnostic_summary,,schema_diagnostics.json,607212
version30,diagnostic_summary,,summary.json,20889
version30,diagnostic_summary,,tag_universe_diagnostics.json,7919
